product_id,brand,product_name,brand_site,search_link,ingredients,notes
LBR-01057,Bioage,Bio Intensive Care Collagen Vegetal Serum 30ml,https://bioage-lb.com,https://duckduckgo.com/?q=Bioage+Bio+Intensive+Care+Collagen+Vegetal+Serum+30ml+ingredients+composition+INCI,,
LBR-01063,Bioage,Bio Sun Protect Daily Protection Stick SPF50 (Incolor),https://bioage-lb.com,https://duckduckgo.com/?q=Bioage+Bio+Sun+Protect+Daily+Protection+Stick+SPF50+%28Incolor%29+ingredients+composition+INCI,,
LBR-01053,Bioage,Bio Sun Protect SPF30 Body Sun Protection,https://bioage-lb.com,https://duckduckgo.com/?q=Bioage+Bio+Sun+Protect+SPF30+Body+Sun+Protection+ingredients+composition+INCI,,
LBR-01042,Bioage,Bio-Sunprotect SPF 60 Compact Vitamin C Transcultent 10g,https://bioage-lb.com,https://duckduckgo.com/?q=Bioage+Bio-Sunprotect+SPF+60+Compact+Vitamin+C+Transcultent+10g+ingredients+composition+INCI,,
LBR-01039,Bioage,Bio-Sunprotect Ultramate Fluid Fps 30 Anti-oiliness,https://bioage-lb.com,https://duckduckgo.com/?q=Bioage+Bio-Sunprotect+Ultramate+Fluid+Fps+30+Anti-oiliness+ingredients+composition+INCI,,
LBR-01050,Bioage,Bio.BTX Anti-Wrinkle Facial Serum,https://bioage-lb.com,https://duckduckgo.com/?q=Bioage+Bio.BTX+Anti-Wrinkle+Facial+Serum+ingredients+composition+INCI,,
LBR-01064,Bioage,Bio.DMAE Intensive Firming Facial Serum,https://bioage-lb.com,https://duckduckgo.com/?q=Bioage+Bio.DMAE+Intensive+Firming+Facial+Serum+ingredients+composition+INCI,,
LBR-01033,Bioage,Bioage Bio-Oil Control Facial Exfoliating Mask 5 in 1,https://bioage-lb.com,https://duckduckgo.com/?q=Bioage+Bioage+Bio-Oil+Control+Facial+Exfoliating+Mask+5+in+1+ingredients+composition+INCI,,
LBR-01041,Bioage,Bioage Bio-Sun Protect SPF 60  Anti-aging,https://bioage-lb.com,https://duckduckgo.com/?q=Bioage+Bioage+Bio-Sun+Protect+SPF+60++Anti-aging+ingredients+composition+INCI,,
LBR-01069,Bioage,Bioage Bio-Whitening Serum Facial Whitener - 30ml,https://bioage-lb.com,https://duckduckgo.com/?q=Bioage+Bioage+Bio-Whitening+Serum+Facial+Whitener+-+30ml+ingredients+composition+INCI,,
LBR-01074,Bioage,Melatonin Night Facial Serum,https://bioage-lb.com,https://duckduckgo.com/?q=Bioage+Melatonin+Night+Facial+Serum+ingredients+composition+INCI,,
LBR-01037,Bioage,Niacinamide Facial Serum 20%,https://bioage-lb.com,https://duckduckgo.com/?q=Bioage+Niacinamide+Facial+Serum+20%25+ingredients+composition+INCI,,
LBR-01442,Cherry Blossom,Anti-Aging Day Cream 50ml,,https://duckduckgo.com/?q=Cherry+Blossom+Anti-Aging+Day+Cream+50ml+ingredients+composition+INCI,,
LBR-01443,Cherry Blossom,Biotin Lash & Brow Enhancing Serum 10ml,,https://duckduckgo.com/?q=Cherry+Blossom+Biotin+Lash+%26+Brow+Enhancing+Serum+10ml+ingredients+composition+INCI,,
LBR-01445,Cherry Blossom,Eyelash & Brow Oil Serum 10ml,,https://duckduckgo.com/?q=Cherry+Blossom+Eyelash+%26+Brow+Oil+Serum+10ml+ingredients+composition+INCI,,
LBR-01452,Cherry Blossom,Geranium Hydrosol Toner 150ml,,https://duckduckgo.com/?q=Cherry+Blossom+Geranium+Hydrosol+Toner+150ml+ingredients+composition+INCI,,
LBR-01435,Cherry Blossom,Kojic Acid Serum 2% 30ml,,https://duckduckgo.com/?q=Cherry+Blossom+Kojic+Acid+Serum+2%25+30ml+ingredients+composition+INCI,,
LBR-01453,Cherry Blossom,Lavender Hydrosol Toner,,https://duckduckgo.com/?q=Cherry+Blossom+Lavender+Hydrosol+Toner+ingredients+composition+INCI,,
LBR-01454,Cherry Blossom,Lemongrass Hydrosol Toner,,https://duckduckgo.com/?q=Cherry+Blossom+Lemongrass+Hydrosol+Toner+ingredients+composition+INCI,,
LBR-01441,Cherry Blossom,Moisturizing Daywear Cream (Oily & Acne-Prone Skin ),,https://duckduckgo.com/?q=Cherry+Blossom+Moisturizing+Daywear+Cream+%28Oily+%26+Acne-Prone+Skin+%29+ingredients+composition+INCI,,
LBR-01450,Cherry Blossom,Moisturizing Daywear Cream (Sensitive Skin ),,https://duckduckgo.com/?q=Cherry+Blossom+Moisturizing+Daywear+Cream+%28Sensitive+Skin+%29+ingredients+composition+INCI,,
LBR-01433,Cherry Blossom,Niacinamide Serum B3 10%,,https://duckduckgo.com/?q=Cherry+Blossom+Niacinamide+Serum+B3+10%25+ingredients+composition+INCI,,
LBR-01456,Cherry Blossom,Pure Rosehip Seed Oil Serum,,https://duckduckgo.com/?q=Cherry+Blossom+Pure+Rosehip+Seed+Oil+Serum+ingredients+composition+INCI,,
LBR-01455,Cherry Blossom,Rose Hydrosol Toner,,https://duckduckgo.com/?q=Cherry+Blossom+Rose+Hydrosol+Toner+ingredients+composition+INCI,,
LBR-01448,Cherry Blossom,Ultimate Glow & Clean Glycolic Gel Cleanser,,https://duckduckgo.com/?q=Cherry+Blossom+Ultimate+Glow+%26+Clean+Glycolic+Gel+Cleanser+ingredients+composition+INCI,,
LBR-01533,Clarins,Bust Beauty Extra-Lift Gel,https://clarinsusa.com,https://duckduckgo.com/?q=Clarins+Bust+Beauty+Extra-Lift+Gel+ingredients+composition+INCI,,
LBR-01488,Clarins,CL.VP COLLEC MA (DAY+NIGHT + MINI CRYO MASK+MINI 4D+MINI LIP OIL) NOEL A3,https://clarinsusa.com,https://duckduckgo.com/?q=Clarins+CL.VP+COLLEC+MA+%28DAY%2BNIGHT+%2B+MINI+CRYO+MASK%2BMINI+4D%2BMINI+LIP+OIL%29+NOEL+A3+ingredients+composition+INCI,,
LBR-01473,Clarins,CL.VP MY CLAR ENERGY+EYE DE-PUFFER (MINI NIGHT MASK 5ML+ECH LIP OIL 04)NOEL A3,https://clarinsusa.com,https://duckduckgo.com/?q=Clarins+CL.VP+MY+CLAR+ENERGY%2BEYE+DE-PUFFER+%28MINI+NIGHT+MASK+5ML%2BECH+LIP+OIL+04%29NOEL+A3+ingredients+composition+INCI,,
LBR-01470,Clarins,CL.VP TONIC RITUAL BAUME HUILE+ BAIN TONIC (ECH LIP OIL 01)NOEL A3,https://clarinsusa.com,https://duckduckgo.com/?q=Clarins+CL.VP+TONIC+RITUAL+BAUME+HUILE%2B+BAIN+TONIC+%28ECH+LIP+OIL+01%29NOEL+A3+ingredients+composition+INCI,,
LBR-01489,Clarins,Clarins Invisible Sun Care Stick SPF 50 17g,https://clarinsusa.com,https://duckduckgo.com/?q=Clarins+Clarins+Invisible+Sun+Care+Stick+SPF+50+17g+ingredients+composition+INCI,,
LBR-01556,Clarins,Milky Boost Healthy Glow Milk,https://clarinsusa.com,https://duckduckgo.com/?q=Clarins+Milky+Boost+Healthy+Glow+Milk+ingredients+composition+INCI,,
LBR-01660,Clarins,My Clarins Hydration Routine,https://clarinsusa.com,https://duckduckgo.com/?q=Clarins+My+Clarins+Hydration+Routine+ingredients+composition+INCI,,
LBR-01670,Clarins,My Clarins Pure-Reset Purifying Mattifying Toner,https://clarinsusa.com,https://duckduckgo.com/?q=Clarins+My+Clarins+Pure-Reset+Purifying+Mattifying+Toner+ingredients+composition+INCI,,
LBR-01581,Clarins,My Cleansing Essentials Normal Skin,https://clarinsusa.com,https://duckduckgo.com/?q=Clarins+My+Cleansing+Essentials+Normal+Skin+ingredients+composition+INCI,,
LBR-01804,Collistar,Anti-Water Talasso-Scrub,https://collistar.com,https://duckduckgo.com/?q=Collistar+Anti-Water+Talasso-Scrub+ingredients+composition+INCI,,
LBR-01775,Collistar,Attivi Puri – Vitamin C + Plyhydroxy Acid Gel-Mask 75ml,https://collistar.com,https://duckduckgo.com/?q=Collistar+Attivi+Puri+%E2%80%93+Vitamin+C+%2B+Plyhydroxy+Acid+Gel-Mask+75ml+ingredients+composition+INCI,,
LBR-01813,Collistar,Brightening Cleansing Foam,https://collistar.com,https://duckduckgo.com/?q=Collistar+Brightening+Cleansing+Foam+ingredients+composition+INCI,,
LBR-01834,Collistar,Collistar CrioGel & Cryoactive Scrub Set,https://collistar.com,https://duckduckgo.com/?q=Collistar+Collistar+CrioGel+%26+Cryoactive+Scrub+Set+ingredients+composition+INCI,,
LBR-01835,Collistar,Collistar CryoActive Talasso Toning Scrub 700G,https://collistar.com,https://duckduckgo.com/?q=Collistar+Collistar+CryoActive+Talasso+Toning+Scrub+700G+ingredients+composition+INCI,,
LBR-01851,Collistar,Collistar For Hypersensitive Skin Sun Stick Spf50,https://collistar.com,https://duckduckgo.com/?q=Collistar+Collistar+For+Hypersensitive+Skin+Sun+Stick+Spf50+ingredients+composition+INCI,,
LBR-01832,Collistar,Collistar Futura Revit Repair Night Cream,https://collistar.com,https://duckduckgo.com/?q=Collistar+Collistar+Futura+Revit+Repair+Night+Cream+ingredients+composition+INCI,,
LBR-01811,Collistar,Collistar Men Daily Protective Moisturizer The Bridge Pouch Set,https://collistar.com,https://duckduckgo.com/?q=Collistar+Collistar+Men+Daily+Protective+Moisturizer+The+Bridge+Pouch+Set+ingredients+composition+INCI,,
LBR-01853,Collistar,Collistar Phyto-Keratin Mask Restructuring 200Ml,https://collistar.com,https://duckduckgo.com/?q=Collistar+Collistar+Phyto-Keratin+Mask+Restructuring+200Ml+ingredients+composition+INCI,,
LBR-01825,Collistar,Collistar Thermal Cream & Cryoactive Scrub Set,https://collistar.com,https://duckduckgo.com/?q=Collistar+Collistar+Thermal+Cream+%26+Cryoactive+Scrub+Set+ingredients+composition+INCI,,
LBR-01812,Collistar,Collistar Vitamin C Mask Brightening Revitalizing 200Ml,https://collistar.com,https://duckduckgo.com/?q=Collistar+Collistar+Vitamin+C+Mask+Brightening+Revitalizing+200Ml+ingredients+composition+INCI,,
LBR-01840,Collistar,Gel Scrub Delicate Face 100ml,https://collistar.com,https://duckduckgo.com/?q=Collistar+Gel+Scrub+Delicate+Face+100ml+ingredients+composition+INCI,,
LBR-01833,Collistar,Magnifica Light Replumping Redensifying Cream Face and Neck,https://collistar.com,https://duckduckgo.com/?q=Collistar+Magnifica+Light+Replumping+Redensifying+Cream+Face+and+Neck+ingredients+composition+INCI,,
LBR-01824,Collistar,Magnifica Redensifying Repairing Eye Contour,https://collistar.com,https://duckduckgo.com/?q=Collistar+Magnifica+Redensifying+Repairing+Eye+Contour+ingredients+composition+INCI,,
LBR-01816,Collistar,Ultra-Lifting Patches Cheeks-Eyes-Lips,https://collistar.com,https://duckduckgo.com/?q=Collistar+Ultra-Lifting+Patches+Cheeks-Eyes-Lips+ingredients+composition+INCI,,
LBR-02845,Frezyderm,AC-Norm Active Foam Plus,https://frezyderm.com.kw,https://duckduckgo.com/?q=Frezyderm+AC-Norm+Active+Foam+Plus+ingredients+composition+INCI,,
LBR-02836,Frezyderm,AC-Norm Lip Balm SPF 15,https://frezyderm.com.kw,https://duckduckgo.com/?q=Frezyderm+AC-Norm+Lip+Balm+SPF+15+ingredients+composition+INCI,,
LBR-02861,Frezyderm,Dermiox Cream,https://frezyderm.com.kw,https://duckduckgo.com/?q=Frezyderm+Dermiox+Cream+ingredients+composition+INCI,,
LBR-02862,Frezyderm,Diamond Wrinkle Fighter Cream,https://frezyderm.com.kw,https://duckduckgo.com/?q=Frezyderm+Diamond+Wrinkle+Fighter+Cream+ingredients+composition+INCI,,
LBR-02865,Frezyderm,Eye Cream,https://frezyderm.com.kw,https://duckduckgo.com/?q=Frezyderm+Eye+Cream+ingredients+composition+INCI,,
LBR-02856,Frezyderm,FREZYDERM ICE EYES STICK – Anti-wrinkle ice hydrogel,https://frezyderm.com.kw,https://duckduckgo.com/?q=Frezyderm+FREZYDERM+ICE+EYES+STICK+%E2%80%93+Anti-wrinkle+ice+hydrogel+ingredients+composition+INCI,,
LBR-02859,Frezyderm,FREZYDERM LASH & BROW BOOST - Lash and brow densification serum,https://frezyderm.com.kw,https://duckduckgo.com/?q=Frezyderm+FREZYDERM+LASH+%26+BROW+BOOST+-+Lash+and+brow+densification+serum+ingredients+composition+INCI,,
LBR-02850,Frezyderm,Face Serum Hyaluronic Acid,https://frezyderm.com.kw,https://duckduckgo.com/?q=Frezyderm+Face+Serum+Hyaluronic+Acid+ingredients+composition+INCI,,
LBR-02857,Frezyderm,Frezyderm Eye Balm 15ml,https://frezyderm.com.kw,https://duckduckgo.com/?q=Frezyderm+Frezyderm+Eye+Balm+15ml+ingredients+composition+INCI,,
LBR-02835,Frezyderm,Frezyderm Face Serum Niacinamide 10%,https://frezyderm.com.kw,https://duckduckgo.com/?q=Frezyderm+Frezyderm+Face+Serum+Niacinamide+10%25+ingredients+composition+INCI,,
LBR-02851,Frezyderm,Instant Lifting Anti-Ageing Face Serum 15ML,https://frezyderm.com.kw,https://duckduckgo.com/?q=Frezyderm+Instant+Lifting+Anti-Ageing+Face+Serum+15ML+ingredients+composition+INCI,,
LBR-02839,Frezyderm,Sea Side Dry Mist All Over Sunscreen SPF 50+ 300ML,https://frezyderm.com.kw,https://duckduckgo.com/?q=Frezyderm+Sea+Side+Dry+Mist+All+Over+Sunscreen+SPF+50%2B+300ML+ingredients+composition+INCI,,
LBR-02927,Garnier,Charcoal and Algae Hydrating & Purifying Tissue Mask,https://garnierusa.com,https://duckduckgo.com/?q=Garnier+Charcoal+and+Algae+Hydrating+%26+Purifying+Tissue+Mask+ingredients+composition+INCI,,
LBR-02902,Garnier,"Fast Clear 4% Salicylic Acid, Vitamin C, Niacinamide, AHA - Anti-Acne Treatment Booster Serum",https://garnierusa.com,https://duckduckgo.com/?q=Garnier+Fast+Clear+4%25+Salicylic+Acid%2C+Vitamin+C%2C+Niacinamide%2C+AHA+-+Anti-Acne+Treatment+Booster+Serum+ingredients+composition+INCI,,
LBR-02908,Garnier,Fast Clear Micellar Water With Salicylic Acid For Acne Prone Skin,https://garnierusa.com,https://duckduckgo.com/?q=Garnier+Fast+Clear+Micellar+Water+With+Salicylic+Acid+For+Acne+Prone+Skin+ingredients+composition+INCI,,
LBR-02953,Garnier,Fresh-Mix Face Sheet Shot Mask with Vitamin C,https://garnierusa.com,https://duckduckgo.com/?q=Garnier+Fresh-Mix+Face+Sheet+Shot+Mask+with+Vitamin+C+ingredients+composition+INCI,,
LBR-02950,Garnier,Garnier Fast Bright Tissue Mask For uneven & Dull Skin,https://garnierusa.com,https://duckduckgo.com/?q=Garnier+Garnier+Fast+Bright+Tissue+Mask+For+uneven+%26+Dull+Skin+ingredients+composition+INCI,,
LBR-02903,Garnier,"Garnier Skin Active Fast Bright Vitamin C Water Gel Moisturizer 48 Hours Hydration, Anti Dark Spots 30ml",https://garnierusa.com,https://duckduckgo.com/?q=Garnier+Garnier+Skin+Active+Fast+Bright+Vitamin+C+Water+Gel+Moisturizer+48+Hours+Hydration%2C+Anti+Dark+Spots+30ml+ingredients+composition+INCI,,
LBR-02923,Garnier,Garnier Skin Active Juicy Face Mask,https://garnierusa.com,https://duckduckgo.com/?q=Garnier+Garnier+Skin+Active+Juicy+Face+Mask+ingredients+composition+INCI,,
LBR-02963,Garnier,Garnier Ultra Doux Grape Moisture Mask 340ml,https://garnierusa.com,https://duckduckgo.com/?q=Garnier+Garnier+Ultra+Doux+Grape+Moisture+Mask+340ml+ingredients+composition+INCI,,
LBR-02966,Garnier,Golden Protect Sun Oil SPF10,https://garnierusa.com,https://duckduckgo.com/?q=Garnier+Golden+Protect+Sun+Oil+SPF10+ingredients+composition+INCI,,
LBR-02910,Garnier,Hydra Bomb Hydrating Night Eye Mask with Hyaluronic Acid & Deep Sea Water,https://garnierusa.com,https://duckduckgo.com/?q=Garnier+Hydra+Bomb+Hydrating+Night+Eye+Mask+with+Hyaluronic+Acid+%26+Deep+Sea+Water+ingredients+composition+INCI,,
LBR-02940,Garnier,Hydra Bomb Tissue Mask Night - Super Hydrating + Repairing,https://garnierusa.com,https://duckduckgo.com/?q=Garnier+Hydra+Bomb+Tissue+Mask+Night+-+Super+Hydrating+%2B+Repairing+ingredients+composition+INCI,,
LBR-02915,Garnier,Men Acnofight Exfoliating Face Wash,https://garnierusa.com,https://duckduckgo.com/?q=Garnier+Men+Acnofight+Exfoliating+Face+Wash+ingredients+composition+INCI,,
LBR-02930,Garnier,Natural Aloe Extract Moisturiser for Normal Skin,https://garnierusa.com,https://duckduckgo.com/?q=Garnier+Natural+Aloe+Extract+Moisturiser+for+Normal+Skin+ingredients+composition+INCI,,
LBR-02964,Garnier,Natural Honey Flower Moisturiser Dry Skin,https://garnierusa.com,https://duckduckgo.com/?q=Garnier+Natural+Honey+Flower+Moisturiser+Dry+Skin+ingredients+composition+INCI,,
LBR-02941,Garnier,Natural Rose Soothing Botanical toner,https://garnierusa.com,https://duckduckgo.com/?q=Garnier+Natural+Rose+Soothing+Botanical+toner+ingredients+composition+INCI,,
LBR-02965,Garnier,Naturals Honey Flower Toner,https://garnierusa.com,https://duckduckgo.com/?q=Garnier+Naturals+Honey+Flower+Toner+ingredients+composition+INCI,,
LBR-02918,Garnier,Skin Active Fast Bright Booster Serum,https://garnierusa.com,https://duckduckgo.com/?q=Garnier+Skin+Active+Fast+Bright+Booster+Serum+ingredients+composition+INCI,,
LBR-02897,Garnier,Skin Active Fast Clear Invisible Pimple Patch - 22 Patches,https://garnierusa.com,https://duckduckgo.com/?q=Garnier+Skin+Active+Fast+Clear+Invisible+Pimple+Patch+-+22+Patches+ingredients+composition+INCI,,
LBR-02922,Garnier,Skin Active Hydrate & Mattify Day Cream,https://garnierusa.com,https://duckduckgo.com/?q=Garnier+Skin+Active+Hydrate+%26+Mattify+Day+Cream+ingredients+composition+INCI,,
LBR-02919,Garnier,Skin Active Purifying Botanical Toner,https://garnierusa.com,https://duckduckgo.com/?q=Garnier+Skin+Active+Purifying+Botanical+Toner+ingredients+composition+INCI,,
LBR-02947,Garnier,Skinactive Fast Bright Vitamin C Tissue Mask,https://garnierusa.com,https://duckduckgo.com/?q=Garnier+Skinactive+Fast+Bright+Vitamin+C+Tissue+Mask+ingredients+composition+INCI,,
LBR-02962,Garnier,UltraLift Moisturising Cream Pot 50ml,https://garnierusa.com,https://duckduckgo.com/?q=Garnier+UltraLift+Moisturising+Cream+Pot+50ml+ingredients+composition+INCI,,
LBR-02933,Garnier,Ultralift Anti-Wrinkle Firming Day Cream Spf15,https://garnierusa.com,https://duckduckgo.com/?q=Garnier+Ultralift+Anti-Wrinkle+Firming+Day+Cream+Spf15+ingredients+composition+INCI,,
LBR-03023,IDC Institute,ALOE VERA FOAM CLEANSER 3PC,https://idc-institute.com,https://duckduckgo.com/?q=IDC+Institute+ALOE+VERA+FOAM+CLEANSER+3PC+ingredients+composition+INCI,,
LBR-03025,IDC Institute,CUTE ANIMALS ULTIMATE PACK,https://idc-institute.com,https://duckduckgo.com/?q=IDC+Institute+CUTE+ANIMALS+ULTIMATE+PACK+ingredients+composition+INCI,,
LBR-03035,IDC Institute,Candy Face Cream 50 ml,https://idc-institute.com,https://duckduckgo.com/?q=IDC+Institute+Candy+Face+Cream+50+ml+ingredients+composition+INCI,,
LBR-03041,IDC Institute,Cleaning Stick Exfoliating Oatmeal,https://idc-institute.com,https://duckduckgo.com/?q=IDC+Institute+Cleaning+Stick+Exfoliating+Oatmeal+ingredients+composition+INCI,,
LBR-03039,IDC Institute,Cleaning Stick Purifying Charcoal,https://idc-institute.com,https://duckduckgo.com/?q=IDC+Institute+Cleaning+Stick+Purifying+Charcoal+ingredients+composition+INCI,,
LBR-03042,IDC Institute,Collagen Pro Hydrogel Lip Patch,https://idc-institute.com,https://duckduckgo.com/?q=IDC+Institute+Collagen+Pro+Hydrogel+Lip+Patch+ingredients+composition+INCI,,
LBR-03024,IDC Institute,Cute Animals Eye Sheet Mask 6 ml,https://idc-institute.com,https://duckduckgo.com/?q=IDC+Institute+Cute+Animals+Eye+Sheet+Mask+6+ml+ingredients+composition+INCI,,
LBR-03045,IDC Institute,Exfoliating Heel Mask 14G,https://idc-institute.com,https://duckduckgo.com/?q=IDC+Institute+Exfoliating+Heel+Mask+14G+ingredients+composition+INCI,,
LBR-03040,IDC Institute,Face Mask Chocolate Purifies & Refines Pores,https://idc-institute.com,https://duckduckgo.com/?q=IDC+Institute+Face+Mask+Chocolate+Purifies+%26+Refines+Pores+ingredients+composition+INCI,,
LBR-03054,IDC Institute,Face Mask Strawberry Jam – Revitalising & Toning,https://idc-institute.com,https://duckduckgo.com/?q=IDC+Institute+Face+Mask+Strawberry+Jam+%E2%80%93+Revitalising+%26+Toning+ingredients+composition+INCI,,
LBR-03030,IDC Institute,Fox Mask – Refreshing & Balancing,https://idc-institute.com,https://duckduckgo.com/?q=IDC+Institute+Fox+Mask+%E2%80%93+Refreshing+%26+Balancing+ingredients+composition+INCI,,
LBR-03044,IDC Institute,Giraffe Face Mask – Purify & Detox,https://idc-institute.com,https://duckduckgo.com/?q=IDC+Institute+Giraffe+Face+Mask+%E2%80%93+Purify+%26+Detox+ingredients+composition+INCI,,
LBR-03034,IDC Institute,Glitter Lip Pads Blue,https://idc-institute.com,https://duckduckgo.com/?q=IDC+Institute+Glitter+Lip+Pads+Blue+ingredients+composition+INCI,,
LBR-03048,IDC Institute,Glitter Lip Pads Pink,https://idc-institute.com,https://duckduckgo.com/?q=IDC+Institute+Glitter+Lip+Pads+Pink+ingredients+composition+INCI,,
LBR-03051,IDC Institute,Hydrogel lip mask,https://idc-institute.com,https://duckduckgo.com/?q=IDC+Institute+Hydrogel+lip+mask+ingredients+composition+INCI,,
LBR-03055,IDC Institute,IDC Institute Unicorn Plumping Lip Mask,https://idc-institute.com,https://duckduckgo.com/?q=IDC+Institute+IDC+Institute+Unicorn+Plumping+Lip+Mask+ingredients+composition+INCI,,
LBR-03052,IDC Institute,Koala Face Mask Moisturising & Illuminating,https://idc-institute.com,https://duckduckgo.com/?q=IDC+Institute+Koala+Face+Mask+Moisturising+%26+Illuminating+ingredients+composition+INCI,,
LBR-03032,IDC Institute,Lip Balm Duo Moisture,https://idc-institute.com,https://duckduckgo.com/?q=IDC+Institute+Lip+Balm+Duo+Moisture+ingredients+composition+INCI,,
LBR-03029,IDC Institute,Lip Sugar Scrub Assorted,https://idc-institute.com,https://duckduckgo.com/?q=IDC+Institute+Lip+Sugar+Scrub+Assorted+ingredients+composition+INCI,,
LBR-03026,IDC Institute,Macaron Lip Balm Assorted,https://idc-institute.com,https://duckduckgo.com/?q=IDC+Institute+Macaron+Lip+Balm+Assorted+ingredients+composition+INCI,,
LBR-03050,IDC Institute,Mask Soothing & Hydrating,https://idc-institute.com,https://duckduckgo.com/?q=IDC+Institute+Mask+Soothing+%26+Hydrating+ingredients+composition+INCI,,
LBR-03049,IDC Institute,Moisturizing Heel Mask,https://idc-institute.com,https://duckduckgo.com/?q=IDC+Institute+Moisturizing+Heel+Mask+ingredients+composition+INCI,,
LBR-03021,IDC Institute,PETITS DELICES 4 BOTTLES SET,https://idc-institute.com,https://duckduckgo.com/?q=IDC+Institute+PETITS+DELICES+4+BOTTLES+SET+ingredients+composition+INCI,,
LBR-03022,IDC Institute,Panda Face Mask – Anti-Age & Firming,https://idc-institute.com,https://duckduckgo.com/?q=IDC+Institute+Panda+Face+Mask+%E2%80%93+Anti-Age+%26+Firming+ingredients+composition+INCI,,
LBR-03053,IDC Institute,Penguin Face Mask - Intense Nutrition,https://idc-institute.com,https://duckduckgo.com/?q=IDC+Institute+Penguin+Face+Mask+-+Intense+Nutrition+ingredients+composition+INCI,,
LBR-03037,IDC Institute,Petits Delices Lip Care Set,https://idc-institute.com,https://duckduckgo.com/?q=IDC+Institute+Petits+Delices+Lip+Care+Set+ingredients+composition+INCI,,
LBR-03027,IDC Institute,Skin Food Fresh Lips Lip Oil Assorted 5.7 ml,https://idc-institute.com,https://duckduckgo.com/?q=IDC+Institute+Skin+Food+Fresh+Lips+Lip+Oil+Assorted+5.7+ml+ingredients+composition+INCI,,
LBR-03028,IDC Institute,Skin Food Lip Mask Assorted,https://idc-institute.com,https://duckduckgo.com/?q=IDC+Institute+Skin+Food+Lip+Mask+Assorted+ingredients+composition+INCI,,
LBR-03047,IDC Institute,Smoothing Foot Scrub With Lavender,https://idc-institute.com,https://duckduckgo.com/?q=IDC+Institute+Smoothing+Foot+Scrub+With+Lavender+ingredients+composition+INCI,,
LBR-03056,IDC Institute,Sweet Swirls Tropical Lip Treats Set,https://idc-institute.com,https://duckduckgo.com/?q=IDC+Institute+Sweet+Swirls+Tropical+Lip+Treats+Set+ingredients+composition+INCI,,
LBR-03046,IDC Institute,Unicorn Face Mask - Hydrating Revitalizing,https://idc-institute.com,https://duckduckgo.com/?q=IDC+Institute+Unicorn+Face+Mask+-+Hydrating+Revitalizing+ingredients+composition+INCI,,
LBR-03038,IDC Institute,Vaseline Lip Care,https://idc-institute.com,https://duckduckgo.com/?q=IDC+Institute+Vaseline+Lip+Care+ingredients+composition+INCI,,
LBR-03389,L'Action Paris,Bamboo Spa Mask,https://lactionparis.fr,https://duckduckgo.com/?q=L%27Action+Paris+Bamboo+Spa+Mask+ingredients+composition+INCI,,
LBR-03383,L'Action Paris,Black Mask Clear Skin Peel-off 3 facials,https://lactionparis.fr,https://duckduckgo.com/?q=L%27Action+Paris+Black+Mask+Clear+Skin+Peel-off+3+facials+ingredients+composition+INCI,,
LBR-03386,L'Action Paris,Cranberry Anti-aging Face Mask,https://lactionparis.fr,https://duckduckgo.com/?q=L%27Action+Paris+Cranberry+Anti-aging+Face+Mask+ingredients+composition+INCI,,
LBR-03393,L'Action Paris,Detox Scrub,https://lactionparis.fr,https://duckduckgo.com/?q=L%27Action+Paris+Detox+Scrub+ingredients+composition+INCI,,
LBR-03395,L'Action Paris,Energizing Scrub,https://lactionparis.fr,https://duckduckgo.com/?q=L%27Action+Paris+Energizing+Scrub+ingredients+composition+INCI,,
LBR-03401,L'Action Paris,Guarana Face Mask,https://lactionparis.fr,https://duckduckgo.com/?q=L%27Action+Paris+Guarana+Face+Mask+ingredients+composition+INCI,,
LBR-03390,L'Action Paris,Hydra Boost Stick Mask 30g,https://lactionparis.fr,https://duckduckgo.com/?q=L%27Action+Paris+Hydra+Boost+Stick+Mask+30g+ingredients+composition+INCI,,
LBR-03382,L'Action Paris,Hydrating Scrub X 2,https://lactionparis.fr,https://duckduckgo.com/?q=L%27Action+Paris+Hydrating+Scrub+X+2+ingredients+composition+INCI,,
LBR-03396,L'Action Paris,Lip Enhancer 10ML,https://lactionparis.fr,https://duckduckgo.com/?q=L%27Action+Paris+Lip+Enhancer+10ML+ingredients+composition+INCI,,
LBR-03406,L'Action Paris,Monoi Face Mask 12g,https://lactionparis.fr,https://duckduckgo.com/?q=L%27Action+Paris+Monoi+Face+Mask+12g+ingredients+composition+INCI,,
LBR-03408,L'Action Paris,Papaya Peel-Off Mask,https://lactionparis.fr,https://duckduckgo.com/?q=L%27Action+Paris+Papaya+Peel-Off+Mask+ingredients+composition+INCI,,
LBR-03399,L'Action Paris,Pearl Radiant Glow Mask 6g,https://lactionparis.fr,https://duckduckgo.com/?q=L%27Action+Paris+Pearl+Radiant+Glow+Mask+6g+ingredients+composition+INCI,,
LBR-03405,L'Action Paris,Pore Minimizer Face Mask,https://lactionparis.fr,https://duckduckgo.com/?q=L%27Action+Paris+Pore+Minimizer+Face+Mask+ingredients+composition+INCI,,
LBR-03412,L'Action Paris,Radiance Face Mask,https://lactionparis.fr,https://duckduckgo.com/?q=L%27Action+Paris+Radiance+Face+Mask+ingredients+composition+INCI,,
LBR-03407,L'Action Paris,Rasul Mud Mask 12g,https://lactionparis.fr,https://duckduckgo.com/?q=L%27Action+Paris+Rasul+Mud+Mask+12g+ingredients+composition+INCI,,
LBR-03397,L'Action Paris,Refining And Exfoliating Face Mask,https://lactionparis.fr,https://duckduckgo.com/?q=L%27Action+Paris+Refining+And+Exfoliating+Face+Mask+ingredients+composition+INCI,,
LBR-03409,L'Action Paris,Rice Oil Face Mask 12g,https://lactionparis.fr,https://duckduckgo.com/?q=L%27Action+Paris+Rice+Oil+Face+Mask+12g+ingredients+composition+INCI,,
LBR-03411,L'Action Paris,Seaweed Purifying Mask 8g,https://lactionparis.fr,https://duckduckgo.com/?q=L%27Action+Paris+Seaweed+Purifying+Mask+8g+ingredients+composition+INCI,,
LBR-03391,L'Action Paris,Shea Butter Face Mask,https://lactionparis.fr,https://duckduckgo.com/?q=L%27Action+Paris+Shea+Butter+Face+Mask+ingredients+composition+INCI,,
LBR-03398,L'Action Paris,Tired & Puffy Eyes Reducer Mask,https://lactionparis.fr,https://duckduckgo.com/?q=L%27Action+Paris+Tired+%26+Puffy+Eyes+Reducer+Mask+ingredients+composition+INCI,,
LBR-03413,L'Action Paris,V-Shape Stick,https://lactionparis.fr,https://duckduckgo.com/?q=L%27Action+Paris+V-Shape+Stick+ingredients+composition+INCI,,
LBR-03638,L'Oréal Paris,"3-in-1 Refreshing Micellar Water, deep cleansing moisturize micellar for dry to normal skin 400 ML",https://lorealparisusa.com,https://duckduckgo.com/?q=L%27Or%C3%A9al+Paris+3-in-1+Refreshing+Micellar+Water%2C+deep+cleansing+moisturize+micellar+for+dry+to+normal+skin+400+ML+ingredients+composition+INCI,,
LBR-03654,L'Oréal Paris,5% Glycolic Acid Peeling Toner for Instant Glowing Skin,https://lorealparisusa.com,https://duckduckgo.com/?q=L%27Or%C3%A9al+Paris+5%25+Glycolic+Acid+Peeling+Toner+for+Instant+Glowing+Skin+ingredients+composition+INCI,,
LBR-03668,L'Oréal Paris,Age Perfect Cell Renew Advanced Restoring Day Cream,https://lorealparisusa.com,https://duckduckgo.com/?q=L%27Or%C3%A9al+Paris+Age+Perfect+Cell+Renew+Advanced+Restoring+Day+Cream+ingredients+composition+INCI,,
LBR-03686,L'Oréal Paris,BUY Glycolic Bright Serum + Any Glycolic bright product GET Pink towel,https://lorealparisusa.com,https://duckduckgo.com/?q=L%27Or%C3%A9al+Paris+BUY+Glycolic+Bright+Serum+%2B+Any+Glycolic+bright+product+GET+Pink+towel+ingredients+composition+INCI,,
LBR-03710,L'Oréal Paris,Collagene Re-Plumper Day Cream,https://lorealparisusa.com,https://duckduckgo.com/?q=L%27Or%C3%A9al+Paris+Collagene+Re-Plumper+Day+Cream+ingredients+composition+INCI,,
LBR-03706,L'Oréal Paris,Fine Flowers Cleansing Toner 400ml,https://lorealparisusa.com,https://duckduckgo.com/?q=L%27Or%C3%A9al+Paris+Fine+Flowers+Cleansing+Toner+400ml+ingredients+composition+INCI,,
LBR-03655,L'Oréal Paris,Glycolic Bright Anti-Dark Spot Daily UV Fluid SPF 50+ with [Glycolic Acid + Niacinamide],https://lorealparisusa.com,https://duckduckgo.com/?q=L%27Or%C3%A9al+Paris+Glycolic+Bright+Anti-Dark+Spot+Daily+UV+Fluid+SPF+50%2B+with+%5BGlycolic+Acid+%2B+Niacinamide%5D+ingredients+composition+INCI,,
LBR-03698,L'Oréal Paris,Glycolic Bright Instant Glowing Face Wash 100 ML,https://lorealparisusa.com,https://duckduckgo.com/?q=L%27Or%C3%A9al+Paris+Glycolic+Bright+Instant+Glowing+Face+Wash+100+ML+ingredients+composition+INCI,,
LBR-03640,L'Oréal Paris,Glycolic Eye Serum For Dark Circles & Brighten Eyes 20 ML (29/12/2026),https://lorealparisusa.com,https://duckduckgo.com/?q=L%27Or%C3%A9al+Paris+Glycolic+Eye+Serum+For+Dark+Circles+%26+Brighten+Eyes+20+ML+%2829%2F12%2F2026%29+ingredients+composition+INCI,,
LBR-03699,L'Oréal Paris,Glycolic-Bright X2 Power Skin,https://lorealparisusa.com,https://duckduckgo.com/?q=L%27Or%C3%A9al+Paris+Glycolic-Bright+X2+Power+Skin+ingredients+composition+INCI,,
LBR-03648,L'Oréal Paris,Hyaluron Expert 24H Replumping Moisturizing Tissue Mask,https://lorealparisusa.com,https://duckduckgo.com/?q=L%27Or%C3%A9al+Paris+Hyaluron+Expert+24H+Replumping+Moisturizing+Tissue+Mask+ingredients+composition+INCI,,
LBR-03647,L'Oréal Paris,Hyaluron Expert Moisturizer and Anti-Aging 8h Shine Control Replumping Gel -Cream (EXP: 7/2026),https://lorealparisusa.com,https://duckduckgo.com/?q=L%27Or%C3%A9al+Paris+Hyaluron+Expert+Moisturizer+and+Anti-Aging+8h+Shine+Control+Replumping+Gel+-Cream+%28EXP%3A+7%2F2026%29+ingredients+composition+INCI,,
LBR-03676,L'Oréal Paris,Hyaluron Expert Moisturizer and Anti-Aging Oil Control Deep Cleansing Gel,https://lorealparisusa.com,https://duckduckgo.com/?q=L%27Or%C3%A9al+Paris+Hyaluron+Expert+Moisturizer+and+Anti-Aging+Oil+Control+Deep+Cleansing+Gel+ingredients+composition+INCI,,
LBR-03663,L'Oréal Paris,"Hyaluron Expert Replumping Cleansing Gel, with Hyaluronic Acid, to Replump, Purify and Hydrate, for All Skin Types Including Sensitive",https://lorealparisusa.com,https://duckduckgo.com/?q=L%27Or%C3%A9al+Paris+Hyaluron+Expert+Replumping+Cleansing+Gel%2C+with+Hyaluronic+Acid%2C+to+Replump%2C+Purify+and+Hydrate%2C+for+All+Skin+Types+Including+Sensitive+ingredients+composition+INCI,,
LBR-03661,L'Oréal Paris,"Hyaluron Expert, Replumping and Moisturizing Eye Cream, against Fine Lines, for Eye-Contour Replumping, with Hyaluronic Acid",https://lorealparisusa.com,https://duckduckgo.com/?q=L%27Or%C3%A9al+Paris+Hyaluron+Expert%2C+Replumping+and+Moisturizing+Eye+Cream%2C+against+Fine+Lines%2C+for+Eye-Contour+Replumping%2C+with+Hyaluronic+Acid+ingredients+composition+INCI,,
LBR-03678,L'Oréal Paris,"Hydra Genius, Water-Based Gel Facial Moisturiser, with Aloe Vera, for Dry and Sensitive Skin",https://lorealparisusa.com,https://duckduckgo.com/?q=L%27Or%C3%A9al+Paris+Hydra+Genius%2C+Water-Based+Gel+Facial+Moisturiser%2C+with+Aloe+Vera%2C+for+Dry+and+Sensitive+Skin+ingredients+composition+INCI,,
LBR-03677,L'Oréal Paris,"Hydra Genius, Water-Based Gel Facial Moisturiser, with Aloe Vera, for Normal to Combination Skin",https://lorealparisusa.com,https://duckduckgo.com/?q=L%27Or%C3%A9al+Paris+Hydra+Genius%2C+Water-Based+Gel+Facial+Moisturiser%2C+with+Aloe+Vera%2C+for+Normal+to+Combination+Skin+ingredients+composition+INCI,,
LBR-03702,L'Oréal Paris,Hydragenius Daily Liquid Moisturizing Care - Normal & Combination Skin,https://lorealparisusa.com,https://duckduckgo.com/?q=L%27Or%C3%A9al+Paris+Hydragenius+Daily+Liquid+Moisturizing+Care+-+Normal+%26+Combination+Skin+ingredients+composition+INCI,,
LBR-03729,L'Oréal Paris,L'OREAL PARIS Hyaluron Expert  Micellar Water 200ml,https://lorealparisusa.com,https://duckduckgo.com/?q=L%27Or%C3%A9al+Paris+L%27OREAL+PARIS+Hyaluron+Expert++Micellar+Water+200ml+ingredients+composition+INCI,,
LBR-03720,L'Oréal Paris,L’Oréal Hyaluron Expert Deep Hydration for Face & Eyes,https://lorealparisusa.com,https://duckduckgo.com/?q=L%27Or%C3%A9al+Paris+L%E2%80%99Or%C3%A9al+Hyaluron+Expert+Deep+Hydration+for+Face+%26+Eyes+ingredients+composition+INCI,,
LBR-03637,L'Oréal Paris,"L’Oréal Paris Infallible 24H Tinted Serum with 1% Hyaluronic Acid for Radiant Hydrated Skin, Light to Medium Coverage, 30ml",https://lorealparisusa.com,https://duckduckgo.com/?q=L%27Or%C3%A9al+Paris+L%E2%80%99Or%C3%A9al+Paris+Infallible+24H+Tinted+Serum+with+1%25+Hyaluronic+Acid+for+Radiant+Hydrated+Skin%2C+Light+to+Medium+Coverage%2C+30ml+ingredients+composition+INCI,,
LBR-03691,L'Oréal Paris,"L’Oréal Paris, Collagen Expert Moisture-Filling Cream, With Glycerin & Collagen Peptide Fractions, for Firmness Boosting and Improved Elasticity, 50ml",https://lorealparisusa.com,https://duckduckgo.com/?q=L%27Or%C3%A9al+Paris+L%E2%80%99Or%C3%A9al+Paris%2C+Collagen+Expert+Moisture-Filling+Cream%2C+With+Glycerin+%26+Collagen+Peptide+Fractions%2C+for+Firmness+Boosting+and+Improved+Elasticity%2C+50ml+ingredients+composition+INCI,,
LBR-03666,L'Oréal Paris,"L’Oréal Paris, Hyaluron Expert Oil and Shine Control Replumping Gel Cream, for Combination to Oily Skin, with Hyaluronic Acid and Salicylic Acid, 50ml",https://lorealparisusa.com,https://duckduckgo.com/?q=L%27Or%C3%A9al+Paris+L%E2%80%99Or%C3%A9al+Paris%2C+Hyaluron+Expert+Oil+and+Shine+Control+Replumping+Gel+Cream%2C+for+Combination+to+Oily+Skin%2C+with+Hyaluronic+Acid+and+Salicylic+Acid%2C+50ml+ingredients+composition+INCI,,
LBR-03719,L'Oréal Paris,Men Expert Hydra Sensitive Soothing Daily Moisturiser 50ml,https://lorealparisusa.com,https://duckduckgo.com/?q=L%27Or%C3%A9al+Paris+Men+Expert+Hydra+Sensitive+Soothing+Daily+Moisturiser+50ml+ingredients+composition+INCI,,
LBR-03736,L'Oréal Paris,Micellar Water Makeup Remover 400ml,https://lorealparisusa.com,https://duckduckgo.com/?q=L%27Or%C3%A9al+Paris+Micellar+Water+Makeup+Remover+400ml+ingredients+composition+INCI,,
LBR-03716,L'Oréal Paris,Rare Flowers Gel Cream Facewash,https://lorealparisusa.com,https://duckduckgo.com/?q=L%27Or%C3%A9al+Paris+Rare+Flowers+Gel+Cream+Facewash+ingredients+composition+INCI,,
LBR-03649,L'Oréal Paris,"Revitalift Laser X3 Triple Action Anti-Aging Day Cream, to smooth Wrinkles, firm skin, and Brighten Complexion, SPF 25",https://lorealparisusa.com,https://duckduckgo.com/?q=L%27Or%C3%A9al+Paris+Revitalift+Laser+X3+Triple+Action+Anti-Aging+Day+Cream%2C+to+smooth+Wrinkles%2C+firm+skin%2C+and+Brighten+Complexion%2C+SPF+25+ingredients+composition+INCI,,
LBR-03721,L'Oréal Paris,Skin Expert UV Defender SPF50+ Moisture Fresh 50ml,https://lorealparisusa.com,https://duckduckgo.com/?q=L%27Or%C3%A9al+Paris+Skin+Expert+UV+Defender+SPF50%2B+Moisture+Fresh+50ml+ingredients+composition+INCI,,
LBR-03701,L'Oréal Paris,Smooth Sugar Clearing Scrub By Kiwi Seeds 50 ML,https://lorealparisusa.com,https://duckduckgo.com/?q=L%27Or%C3%A9al+Paris+Smooth+Sugar+Clearing+Scrub+By+Kiwi+Seeds+50+ML+ingredients+composition+INCI,,
LBR-03734,L'Oréal Paris,Smooth Sugar Glow Scrub,https://lorealparisusa.com,https://duckduckgo.com/?q=L%27Or%C3%A9al+Paris+Smooth+Sugar+Glow+Scrub+ingredients+composition+INCI,,
LBR-03460,Lancôme,APC CR YEUX J20ML,https://lancome-usa.com,https://duckduckgo.com/?q=Lanc%C3%B4me+APC+CR+YEUX+J20ML+ingredients+composition+INCI,,
LBR-03473,Lancôme,Eau Micellaire Confort Hydrating and Soothing Micellar Water,https://lancome-usa.com,https://duckduckgo.com/?q=Lanc%C3%B4me+Eau+Micellaire+Confort+Hydrating+and+Soothing+Micellar+Water+ingredients+composition+INCI,,
LBR-03453,Lancôme,Exfoliance Clarté - Fresh Exfoliating Clarifying Gel with Papaya Extract - All Skin Types,https://lancome-usa.com,https://duckduckgo.com/?q=Lanc%C3%B4me+Exfoliance+Clart%C3%A9+-+Fresh+Exfoliating+Clarifying+Gel+with+Papaya+Extract+-+All+Skin+Types+ingredients+composition+INCI,,
LBR-03443,Lancôme,GNF 360 Eye Mask INTER X4 FG,https://lancome-usa.com,https://duckduckgo.com/?q=Lanc%C3%B4me+GNF+360+Eye+Mask+INTER+X4+FG+ingredients+composition+INCI,,
LBR-03455,Lancôme,Gel Éclat - Gentle Cleansing Gel with Rose and Lotus Flower Extracts - All Skin Types,https://lancome-usa.com,https://duckduckgo.com/?q=Lanc%C3%B4me+Gel+%C3%89clat+-+Gentle+Cleansing+Gel+with+Rose+and+Lotus+Flower+Extracts+-+All+Skin+Types+ingredients+composition+INCI,,
LBR-03442,Lancôme,Génefique Yeux Light Pearl - Hydrogel Melting 360° Eye Mask - 1 Unit,https://lancome-usa.com,https://duckduckgo.com/?q=Lanc%C3%B4me+G%C3%A9nefique+Yeux+Light+Pearl+-+Hydrogel+Melting+360%C2%B0+Eye+Mask+-+1+Unit+ingredients+composition+INCI,,
LBR-03467,Lancôme,Génifique Skin Care Set,https://lancome-usa.com,https://duckduckgo.com/?q=Lanc%C3%B4me+G%C3%A9nifique+Skin+Care+Set+ingredients+composition+INCI,,
LBR-03458,Lancôme,Hydra Zen Yeux - Anti-Stress Moisturising Eye Care,https://lancome-usa.com,https://duckduckgo.com/?q=Lanc%C3%B4me+Hydra+Zen+Yeux+-+Anti-Stress+Moisturising+Eye+Care+ingredients+composition+INCI,,
LBR-03471,Lancôme,Lancôme Douceur Cleansers 400ml Set,https://lancome-usa.com,https://duckduckgo.com/?q=Lanc%C3%B4me+Lanc%C3%B4me+Douceur+Cleansers+400ml+Set+ingredients+composition+INCI,,
LBR-03480,Lancôme,Lancôme Triple Serum 50ml Routine Set,https://lancome-usa.com,https://duckduckgo.com/?q=Lanc%C3%B4me+Lanc%C3%B4me+Triple+Serum+50ml+Routine+Set+ingredients+composition+INCI,,
LBR-03461,Lancôme,UV Expert Youth Shield Aquagel Ultimate Multi Protection SPF50 PA++++,https://lancome-usa.com,https://duckduckgo.com/?q=Lanc%C3%B4me+UV+Expert+Youth+Shield+Aquagel+Ultimate+Multi+Protection+SPF50+PA%2B%2B%2B%2B+ingredients+composition+INCI,,
LBR-03581,Lierac,Anti-Blemish Protocol The Peeling,https://lierac.com,https://duckduckgo.com/?q=Lierac+Anti-Blemish+Protocol+The+Peeling+ingredients+composition+INCI,,
LBR-03582,Lierac,Anti-Blemish Protocol The Stop Spots,https://lierac.com,https://duckduckgo.com/?q=Lierac+Anti-Blemish+Protocol+The+Stop+Spots+ingredients+composition+INCI,,
LBR-03584,Lierac,Anti-Dark Spot Protocol The Tinted Stick SPF50,https://lierac.com,https://duckduckgo.com/?q=Lierac+Anti-Dark+Spot+Protocol+The+Tinted+Stick+SPF50+ingredients+composition+INCI,,
LBR-03590,Lierac,BODY NUTRI The Resurfacing Scrub 200ml,https://lierac.com,https://duckduckgo.com/?q=Lierac+BODY+NUTRI+The+Resurfacing+Scrub+200ml+ingredients+composition+INCI,,
LBR-03587,Lierac,Buy Sunissime Fluid SPF50+ + Sunissime Milk SPF30  GET  Summer bag,https://lierac.com,https://duckduckgo.com/?q=Lierac+Buy+Sunissime+Fluid+SPF50%2B+%2B+Sunissime+Milk+SPF30++GET++Summer+bag+ingredients+composition+INCI,,
LBR-03598,Lierac,CLEANSER Micellar Milk 200ml,https://lierac.com,https://duckduckgo.com/?q=Lierac+CLEANSER+Micellar+Milk+200ml+ingredients+composition+INCI,,
LBR-03591,Lierac,Hydragenist Rehydrating Eye-Care,https://lierac.com,https://duckduckgo.com/?q=Lierac+Hydragenist+Rehydrating+Eye-Care+ingredients+composition+INCI,,
LBR-03601,Lierac,Lierac Phytolastil The Concentrate Strech Marks Solute,https://lierac.com,https://duckduckgo.com/?q=Lierac+Lierac+Phytolastil+The+Concentrate+Strech+Marks+Solute+ingredients+composition+INCI,,
LBR-03616,Lierac,Lierac Phytolastil The Stretch Marks Prevention Gel,https://lierac.com,https://duckduckgo.com/?q=Lierac+Lierac+Phytolastil+The+Stretch+Marks+Prevention+Gel+ingredients+composition+INCI,,
LBR-03583,Lierac,Lierac Protocol Anti-Dark Spots The Serum,https://lierac.com,https://duckduckgo.com/?q=Lierac+Lierac+Protocol+Anti-Dark+Spots+The+Serum+ingredients+composition+INCI,,
LBR-03586,Lierac,Lierac Protocol Anti-Spots The Peeling,https://lierac.com,https://duckduckgo.com/?q=Lierac+Lierac+Protocol+Anti-Spots+The+Peeling+ingredients+composition+INCI,,
LBR-03612,Lierac,PREMIUM The Voluptous Cream 50ml,https://lierac.com,https://duckduckgo.com/?q=Lierac+PREMIUM+The+Voluptous+Cream+50ml+ingredients+composition+INCI,,
LBR-03615,Lierac,Sunissime The Velvety Sun Fluid SPF50+,https://lierac.com,https://duckduckgo.com/?q=Lierac+Sunissime+The+Velvety+Sun+Fluid+SPF50%2B+ingredients+composition+INCI,,
LBR-03762,Lysedia,Anti-Wrinkle Day Cream Revitalage 50 ml,https://lysedia.fr,https://duckduckgo.com/?q=Lysedia+Anti-Wrinkle+Day+Cream+Revitalage+50+ml+ingredients+composition+INCI,,
LBR-03760,Lysedia,Anti-Wrinkle Eye Contour - Liftage 30 ml,https://lysedia.fr,https://duckduckgo.com/?q=Lysedia+Anti-Wrinkle+Eye+Contour+-+Liftage+30+ml+ingredients+composition+INCI,,
LBR-03764,Lysedia,Anti-Wrinkle Mask Liftage,https://lysedia.fr,https://duckduckgo.com/?q=Lysedia+Anti-Wrinkle+Mask+Liftage+ingredients+composition+INCI,,
LBR-03765,Lysedia,Anti-Wrinkle Sunscreen SPF50+ - Sundefence 50 ml,https://lysedia.fr,https://duckduckgo.com/?q=Lysedia+Anti-Wrinkle+Sunscreen+SPF50%2B+-+Sundefence+50+ml+ingredients+composition+INCI,,
LBR-03769,Lysedia,Cleansing Foam Liftage - 125 ml,https://lysedia.fr,https://duckduckgo.com/?q=Lysedia+Cleansing+Foam+Liftage+-+125+ml+ingredients+composition+INCI,,
LBR-03773,Lysedia,Cure Serum Energy - Lift & Density Regecell X5,https://lysedia.fr,https://duckduckgo.com/?q=Lysedia+Cure+Serum+Energy+-+Lift+%26+Density+Regecell+X5+ingredients+composition+INCI,,
LBR-03774,Lysedia,Discovery Travel Kit,https://lysedia.fr,https://duckduckgo.com/?q=Lysedia+Discovery+Travel+Kit+ingredients+composition+INCI,,
LBR-03766,Lysedia,Elastin Vitamin C Supreme Serum 30ml,https://lysedia.fr,https://duckduckgo.com/?q=Lysedia+Elastin+Vitamin+C+Supreme+Serum+30ml+ingredients+composition+INCI,,
LBR-03761,Lysedia,Liftage Anti-Wrinkle Night Cream 50 ml,https://lysedia.fr,https://duckduckgo.com/?q=Lysedia+Liftage+Anti-Wrinkle+Night+Cream+50+ml+ingredients+composition+INCI,,
LBR-03775,Lysedia,Liftage Radiance Light Facial Scrub,https://lysedia.fr,https://duckduckgo.com/?q=Lysedia+Liftage+Radiance+Light+Facial+Scrub+ingredients+composition+INCI,,
LBR-03777,Lysedia,Liftage Sublimating Serum 30ml,https://lysedia.fr,https://duckduckgo.com/?q=Lysedia+Liftage+Sublimating+Serum+30ml+ingredients+composition+INCI,,
LBR-03778,Lysedia,Lifting Sublimating Mask 75ml,https://lysedia.fr,https://duckduckgo.com/?q=Lysedia+Lifting+Sublimating+Mask+75ml+ingredients+composition+INCI,,
LBR-03754,Lysedia,Lifting anti-aging eye contour patch,https://lysedia.fr,https://duckduckgo.com/?q=Lysedia+Lifting+anti-aging+eye+contour+patch+ingredients+composition+INCI,,
LBR-03779,Lysedia,Lightening Face Scrub 125ml,https://lysedia.fr,https://duckduckgo.com/?q=Lysedia+Lightening+Face+Scrub+125ml+ingredients+composition+INCI,,
LBR-03748,Lysedia,Lip Balm Plumping 3D 15 Ml,https://lysedia.fr,https://duckduckgo.com/?q=Lysedia+Lip+Balm+Plumping+3D+15+Ml+ingredients+composition+INCI,,
LBR-03750,Lysedia,Lysedia ActiPeeling AG20 Revitalage Lotion - 150 ml,https://lysedia.fr,https://duckduckgo.com/?q=Lysedia+Lysedia+ActiPeeling+AG20+Revitalage+Lotion+-+150+ml+ingredients+composition+INCI,,
LBR-03751,Lysedia,Lysedia Actiminceur Smoothing Contouring - Treatment Cream 200 ml,https://lysedia.fr,https://duckduckgo.com/?q=Lysedia+Lysedia+Actiminceur+Smoothing+Contouring+-+Treatment+Cream+200+ml+ingredients+composition+INCI,,
LBR-03756,Lysedia,Lysedia Ant-wrinkle Perfecting Mask - Liftage 75 ml,https://lysedia.fr,https://duckduckgo.com/?q=Lysedia+Lysedia+Ant-wrinkle+Perfecting+Mask+-+Liftage+75+ml+ingredients+composition+INCI,,
LBR-03772,Lysedia,Lysedia Creme Nuit Liftage 50Ml,https://lysedia.fr,https://duckduckgo.com/?q=Lysedia+Lysedia+Creme+Nuit+Liftage+50Ml+ingredients+composition+INCI,,
LBR-03755,Lysedia,Lysedia Glogal Anti-Aging Treatment - Regecell X5 50 ml,https://lysedia.fr,https://duckduckgo.com/?q=Lysedia+Lysedia+Glogal+Anti-Aging+Treatment+-+Regecell+X5+50+ml+ingredients+composition+INCI,,
LBR-03763,Lysedia,Lysedia Liftage Anti-Wrinkle Lotion 150ml,https://lysedia.fr,https://duckduckgo.com/?q=Lysedia+Lysedia+Liftage+Anti-Wrinkle+Lotion+150ml+ingredients+composition+INCI,,
LBR-03783,Lysedia,Lysedia Radiance Serum Supreme 30ml,https://lysedia.fr,https://duckduckgo.com/?q=Lysedia+Lysedia+Radiance+Serum+Supreme+30ml+ingredients+composition+INCI,,
LBR-03767,Lysedia,Lysedia Serum Elastine Vitamine C 30Ml,https://lysedia.fr,https://duckduckgo.com/?q=Lysedia+Lysedia+Serum+Elastine+Vitamine+C+30Ml+ingredients+composition+INCI,,
LBR-03782,Lysedia,Lysedia Sublimating Face Oil 30 ml,https://lysedia.fr,https://duckduckgo.com/?q=Lysedia+Lysedia+Sublimating+Face+Oil+30+ml+ingredients+composition+INCI,,
LBR-03781,Lysedia,Lysedia Sublimating Tissue Mask,https://lysedia.fr,https://duckduckgo.com/?q=Lysedia+Lysedia+Sublimating+Tissue+Mask+ingredients+composition+INCI,,
LBR-03768,Lysedia,Purifying & Scrub Mask & Scrub with Charcoal Clay 100 ml,https://lysedia.fr,https://duckduckgo.com/?q=Lysedia+Purifying+%26+Scrub+Mask+%26+Scrub+with+Charcoal+Clay+100+ml+ingredients+composition+INCI,,
LBR-03770,Lysedia,Sea Collagen Youth Serum 30 ml,https://lysedia.fr,https://duckduckgo.com/?q=Lysedia+Sea+Collagen+Youth+Serum+30+ml+ingredients+composition+INCI,,
LBR-03784,Lysedia,Sublimating Serum Regecell X5 30 ml,https://lysedia.fr,https://duckduckgo.com/?q=Lysedia+Sublimating+Serum+Regecell+X5+30+ml+ingredients+composition+INCI,,
LBR-04025,MESOESTETIC,Collagen 360º Essence - Firming Solution,https://mesoestetic.us,https://duckduckgo.com/?q=MESOESTETIC+Collagen+360%C2%BA+Essence+-+Firming+Solution+ingredients+composition+INCI,,
LBR-04024,MESOESTETIC,Collagen 360º Eye Contour - Firming Solution,https://mesoestetic.us,https://duckduckgo.com/?q=MESOESTETIC+Collagen+360%C2%BA+Eye+Contour+-+Firming+Solution+ingredients+composition+INCI,,
LBR-04023,MESOESTETIC,Cosmelan 2 - Depigmenting Solutions,https://mesoestetic.us,https://duckduckgo.com/?q=MESOESTETIC+Cosmelan+2+-+Depigmenting+Solutions+ingredients+composition+INCI,,
LBR-04053,MESOESTETIC,Dermamelan Treatment - Depigmenting Solution,https://mesoestetic.us,https://duckduckgo.com/?q=MESOESTETIC+Dermamelan+Treatment+-+Depigmenting+Solution+ingredients+composition+INCI,,
LBR-04029,MESOESTETIC,MESOESTETIC  Mesoprotech Body Sun Spray spf 50+,https://mesoestetic.us,https://duckduckgo.com/?q=MESOESTETIC+MESOESTETIC++Mesoprotech+Body+Sun+Spray+spf+50%2B+ingredients+composition+INCI,,
LBR-04061,MESOESTETIC,MESOESTETIC  Mesoprotech Sun Protective Repairing Stick SPF50+,https://mesoestetic.us,https://duckduckgo.com/?q=MESOESTETIC+MESOESTETIC++Mesoprotech+Sun+Protective+Repairing+Stick+SPF50%2B+ingredients+composition+INCI,,
LBR-04033,MESOESTETIC,MESOESTETIC Age Element Cleansing Balm 225ml,https://mesoestetic.us,https://duckduckgo.com/?q=MESOESTETIC+MESOESTETIC+Age+Element+Cleansing+Balm+225ml+ingredients+composition+INCI,,
LBR-04030,MESOESTETIC,MESOESTETIC Age Element Firming Elixir 6*30ml,https://mesoestetic.us,https://duckduckgo.com/?q=MESOESTETIC+MESOESTETIC+Age+Element+Firming+Elixir+6%2A30ml+ingredients+composition+INCI,,
LBR-04027,MESOESTETIC,MESOESTETIC Energy C Complex 4 X7Ml,https://mesoestetic.us,https://duckduckgo.com/?q=MESOESTETIC+MESOESTETIC+Energy+C+Complex+4+X7Ml+ingredients+composition+INCI,,
LBR-04046,MESOESTETIC,MESOESTETIC Energy C Intensive Cream 50 Ml,https://mesoestetic.us,https://duckduckgo.com/?q=MESOESTETIC+MESOESTETIC+Energy+C+Intensive+Cream+50+Ml+ingredients+composition+INCI,,
LBR-04047,MESOESTETIC,MESOESTETIC Hydra Milk Cleanser 200ml,https://mesoestetic.us,https://duckduckgo.com/?q=MESOESTETIC+MESOESTETIC+Hydra+Milk+Cleanser+200ml+ingredients+composition+INCI,,
LBR-04058,MESOESTETIC,MESOESTETIC Hydravital Light 50ml,https://mesoestetic.us,https://duckduckgo.com/?q=MESOESTETIC+MESOESTETIC+Hydravital+Light+50ml+ingredients+composition+INCI,,
LBR-04019,MESOESTETIC,MESOESTETIC Pollution Defense 10amp . 2 Ml,https://mesoestetic.us,https://duckduckgo.com/?q=MESOESTETIC+MESOESTETIC+Pollution+Defense+10amp+.+2+Ml+ingredients+composition+INCI,,
LBR-04049,MESOESTETIC,MESOESTETIC Pre-Procedure Cleansing Solution 150ml,https://mesoestetic.us,https://duckduckgo.com/?q=MESOESTETIC+MESOESTETIC+Pre-Procedure+Cleansing+Solution+150ml+ingredients+composition+INCI,,
LBR-04050,MESOESTETIC,Radiance DNA Eye Contour - Redensifying Solution,https://mesoestetic.us,https://duckduckgo.com/?q=MESOESTETIC+Radiance+DNA+Eye+Contour+-+Redensifying+Solution+ingredients+composition+INCI,,
LBR-03796,Madica Swiss,Botox Like Serum 15ml,,https://duckduckgo.com/?q=Madica+Swiss+Botox+Like+Serum+15ml+ingredients+composition+INCI,,
LBR-03801,Madica Swiss,Caviar Lifting Face Serum 15ml,,https://duckduckgo.com/?q=Madica+Swiss+Caviar+Lifting+Face+Serum+15ml+ingredients+composition+INCI,,
LBR-03803,Madica Swiss,Cleanser Scrub 150ML,,https://duckduckgo.com/?q=Madica+Swiss+Cleanser+Scrub+150ML+ingredients+composition+INCI,,
LBR-03804,Madica Swiss,Collagen Face Cream 50ml,,https://duckduckgo.com/?q=Madica+Swiss+Collagen+Face+Cream+50ml+ingredients+composition+INCI,,
LBR-03807,Madica Swiss,Collagen Pre-Wash Gel 50ml,,https://duckduckgo.com/?q=Madica+Swiss+Collagen+Pre-Wash+Gel+50ml+ingredients+composition+INCI,,
LBR-03806,Madica Swiss,Collagen lift face & under eyes serum 15 ml,,https://duckduckgo.com/?q=Madica+Swiss+Collagen+lift+face+%26+under+eyes+serum+15+ml+ingredients+composition+INCI,,
LBR-03812,Madica Swiss,Eye lashes growth serum 10ml,,https://duckduckgo.com/?q=Madica+Swiss+Eye+lashes+growth+serum+10ml+ingredients+composition+INCI,,
LBR-03813,Madica Swiss,Filler face & under eyes 15 ml,,https://duckduckgo.com/?q=Madica+Swiss+Filler+face+%26+under+eyes+15+ml+ingredients+composition+INCI,,
LBR-03794,Madica Swiss,Illuminate Booster 15 mL,,https://duckduckgo.com/?q=Madica+Swiss+Illuminate+Booster+15+mL+ingredients+composition+INCI,,
LBR-03816,Madica Swiss,Lip Oil Plumping,,https://duckduckgo.com/?q=Madica+Swiss+Lip+Oil+Plumping+ingredients+composition+INCI,,
LBR-03817,Madica Swiss,Lips Plumping serum,,https://duckduckgo.com/?q=Madica+Swiss+Lips+Plumping+serum+ingredients+composition+INCI,,
LBR-03793,Madica Swiss,Madica Swiss Anti Dark Face & Eye Cream 15ml,,https://duckduckgo.com/?q=Madica+Swiss+Madica+Swiss+Anti+Dark+Face+%26+Eye+Cream+15ml+ingredients+composition+INCI,,
LBR-03797,Madica Swiss,Madica Swiss Botox Face Mask 50ml,,https://duckduckgo.com/?q=Madica+Swiss+Madica+Swiss+Botox+Face+Mask+50ml+ingredients+composition+INCI,,
LBR-03795,Madica Swiss,Madica Swiss Botox Like Cream 50ml,,https://duckduckgo.com/?q=Madica+Swiss+Madica+Swiss+Botox+Like+Cream+50ml+ingredients+composition+INCI,,
LBR-03800,Madica Swiss,Madica Swiss Caviar Eye Cream 15ml,,https://duckduckgo.com/?q=Madica+Swiss+Madica+Swiss+Caviar+Eye+Cream+15ml+ingredients+composition+INCI,,
LBR-03805,Madica Swiss,Madica Swiss Collagen Detox Mask 50ml,,https://duckduckgo.com/?q=Madica+Swiss+Madica+Swiss+Collagen+Detox+Mask+50ml+ingredients+composition+INCI,,
LBR-03809,Madica Swiss,Madica Swiss Day Cream Teinted 50ml,,https://duckduckgo.com/?q=Madica+Swiss+Madica+Swiss+Day+Cream+Teinted+50ml+ingredients+composition+INCI,,
LBR-03802,Madica Swiss,Madica Swiss Foam Cleanser Hyaluronic & Collagen 150ml,,https://duckduckgo.com/?q=Madica+Swiss+Madica+Swiss+Foam+Cleanser+Hyaluronic+%26+Collagen+150ml+ingredients+composition+INCI,,
LBR-03810,Madica Swiss,Madica Swiss Gold Face Cream 50ml,,https://duckduckgo.com/?q=Madica+Swiss+Madica+Swiss+Gold+Face+Cream+50ml+ingredients+composition+INCI,,
LBR-03814,Madica Swiss,Madica Swiss Gold Lifting Serum 15ml,,https://duckduckgo.com/?q=Madica+Swiss+Madica+Swiss+Gold+Lifting+Serum+15ml+ingredients+composition+INCI,,
LBR-03815,Madica Swiss,Madica Swiss Hyaluronic Face Serum  15ml,,https://duckduckgo.com/?q=Madica+Swiss+Madica+Swiss+Hyaluronic+Face+Serum++15ml+ingredients+composition+INCI,,
LBR-03820,Madica Swiss,Madica Swiss Niacinamide Face Serum 15ml,,https://duckduckgo.com/?q=Madica+Swiss+Madica+Swiss+Niacinamide+Face+Serum+15ml+ingredients+composition+INCI,,
LBR-03808,Madica Swiss,Madica Swiss Protective Day Cream 50ml,,https://duckduckgo.com/?q=Madica+Swiss+Madica+Swiss+Protective+Day+Cream+50ml+ingredients+composition+INCI,,
LBR-03821,Madica Swiss,Madica Swiss Purifying Face Serum 15ml,,https://duckduckgo.com/?q=Madica+Swiss+Madica+Swiss+Purifying+Face+Serum+15ml+ingredients+composition+INCI,,
LBR-03819,Madica Swiss,Madica Swiss Retinol Moisturizing Night Serum 15ml,,https://duckduckgo.com/?q=Madica+Swiss+Madica+Swiss+Retinol+Moisturizing+Night+Serum+15ml+ingredients+composition+INCI,,
LBR-03799,Madica Swiss,Madica Swiss Sun Care Protector Spf50+  50ml,,https://duckduckgo.com/?q=Madica+Swiss+Madica+Swiss+Sun+Care+Protector+Spf50%2B++50ml+ingredients+composition+INCI,,
LBR-03798,Madica Swiss,Madica Swiss Vitamin C Face Serum  15ml,,https://duckduckgo.com/?q=Madica+Swiss+Madica+Swiss+Vitamin+C+Face+Serum++15ml+ingredients+composition+INCI,,
LBR-03811,Madica Swiss,White Night Cream 50ml,,https://duckduckgo.com/?q=Madica+Swiss+White+Night+Cream+50ml+ingredients+composition+INCI,,
LBR-04232,Novaclear,Gluta White Plus Night Cream,https://novaclear.eu,https://duckduckgo.com/?q=Novaclear+Gluta+White+Plus+Night+Cream+ingredients+composition+INCI,,
LBR-04239,Novaclear,Gluta White Plus Serum,https://novaclear.eu,https://duckduckgo.com/?q=Novaclear+Gluta+White+Plus+Serum+ingredients+composition+INCI,,
LBR-04226,Novaclear,Hydro Cleanser,https://novaclear.eu,https://duckduckgo.com/?q=Novaclear+Hydro+Cleanser+ingredients+composition+INCI,,
LBR-04231,Novaclear,Hydro Eye Cream,https://novaclear.eu,https://duckduckgo.com/?q=Novaclear+Hydro+Eye+Cream+ingredients+composition+INCI,,
LBR-04237,Novaclear,Micellar Water Dry Skin Moisturizing,https://novaclear.eu,https://duckduckgo.com/?q=Novaclear+Micellar+Water+Dry+Skin+Moisturizing+ingredients+composition+INCI,,
LBR-04212,Novaclear,NOVACLEAR  REDLESS SOOTHING DAY CREAM SPF 30,https://novaclear.eu,https://duckduckgo.com/?q=Novaclear+NOVACLEAR++REDLESS+SOOTHING+DAY+CREAM+SPF+30+ingredients+composition+INCI,,
LBR-04220,Novaclear,NOVACLEAR ADVANCED DARK SPOT CORRECTING SERUM WITH ALPHA ARBUTIN,https://novaclear.eu,https://duckduckgo.com/?q=Novaclear+NOVACLEAR+ADVANCED+DARK+SPOT+CORRECTING+SERUM+WITH+ALPHA+ARBUTIN+ingredients+composition+INCI,,
LBR-04215,Novaclear,NOVACLEAR ADVANCED PEELING SERUM WITH GLYCOLIC ACID,https://novaclear.eu,https://duckduckgo.com/?q=Novaclear+NOVACLEAR+ADVANCED+PEELING+SERUM+WITH+GLYCOLIC+ACID+ingredients+composition+INCI,,
LBR-04228,Novaclear,"NOVACLEAR COLLAGEN SET (DAY CREAM,NIGHT,SERUM)",https://novaclear.eu,https://duckduckgo.com/?q=Novaclear+NOVACLEAR+COLLAGEN+SET+%28DAY+CREAM%2CNIGHT%2CSERUM%29+ingredients+composition+INCI,,
LBR-04240,Novaclear,NOVACLEAR GLUTA WHITE PLUS FACIAL TONER,https://novaclear.eu,https://duckduckgo.com/?q=Novaclear+NOVACLEAR+GLUTA+WHITE+PLUS+FACIAL+TONER+ingredients+composition+INCI,,
LBR-04241,Novaclear,NOVACLEAR HYDRO MICELLAR WATER,https://novaclear.eu,https://duckduckgo.com/?q=Novaclear+NOVACLEAR+HYDRO+MICELLAR+WATER+ingredients+composition+INCI,,
LBR-04227,Novaclear,NOVACLEAR REDLESS SOOTHING FACIAL CLEANSER,https://novaclear.eu,https://duckduckgo.com/?q=Novaclear+NOVACLEAR+REDLESS+SOOTHING+FACIAL+CLEANSER+ingredients+composition+INCI,,
LBR-04211,Novaclear,NOVACLEAR URBAN SUNBLOCK LIP BALM SPF 25+,https://novaclear.eu,https://duckduckgo.com/?q=Novaclear+NOVACLEAR+URBAN+SUNBLOCK+LIP+BALM+SPF+25%2B+ingredients+composition+INCI,,
LBR-04224,Novaclear,"NOVACLEAR WHITEN SET( DAY CREAM, NIGHT CREAM, CLEANSER )",https://novaclear.eu,https://duckduckgo.com/?q=Novaclear+NOVACLEAR+WHITEN+SET%28+DAY+CREAM%2C+NIGHT+CREAM%2C+CLEANSER+%29+ingredients+composition+INCI,,
LBR-04235,Novaclear,Redless Soothing Night Cream,https://novaclear.eu,https://duckduckgo.com/?q=Novaclear+Redless+Soothing+Night+Cream+ingredients+composition+INCI,,
LBR-04234,Novaclear,Retinol Night Cream-Mask,https://novaclear.eu,https://duckduckgo.com/?q=Novaclear+Retinol+Night+Cream-Mask+ingredients+composition+INCI,,
LBR-04213,Novaclear,Whiten Whitening Day Cream Spf 50+,https://novaclear.eu,https://duckduckgo.com/?q=Novaclear+Whiten+Whitening+Day+Cream+Spf+50%2B+ingredients+composition+INCI,,
LBR-04225,Novaclear,Whiten Whitening Gentle Cleanser,https://novaclear.eu,https://duckduckgo.com/?q=Novaclear+Whiten+Whitening+Gentle+Cleanser+ingredients+composition+INCI,,
LBR-04276,Nuxe,Anti-Ageing 30 ml Serum - Parfumswinkel,https://us.nuxe.com,https://duckduckgo.com/?q=Nuxe+Anti-Ageing+30+ml+Serum+-+Parfumswinkel+ingredients+composition+INCI,,
LBR-04265,Nuxe,Cream Fr Beau Cream Hydration 3 In 1 100ML,https://us.nuxe.com,https://duckduckgo.com/?q=Nuxe+Cream+Fr+Beau+Cream+Hydration+3+In+1+100ML+ingredients+composition+INCI,,
LBR-04274,Nuxe,Creme Fraiche 48hr Serum 30ML,https://us.nuxe.com,https://duckduckgo.com/?q=Nuxe+Creme+Fraiche+48hr+Serum+30ML+ingredients+composition+INCI,,
LBR-04307,Nuxe,Crème Fondante Visage Haute Protection SPF50 50ml,https://us.nuxe.com,https://duckduckgo.com/?q=Nuxe+Cr%C3%A8me+Fondante+Visage+Haute+Protection+SPF50+50ml+ingredients+composition+INCI,,
LBR-04283,Nuxe,Fresh Radiance Rich Beauty Cream,https://us.nuxe.com,https://duckduckgo.com/?q=Nuxe+Fresh+Radiance+Rich+Beauty+Cream+ingredients+composition+INCI,,
LBR-04296,Nuxe,Gentle Face Cleanser Rêve de Miel® 200ML,https://us.nuxe.com,https://duckduckgo.com/?q=Nuxe+Gentle+Face+Cleanser+R%C3%AAve+de+Miel%C2%AE+200ML+ingredients+composition+INCI,,
LBR-04268,Nuxe,Huile Bronzante Faible Protection SPF 10 Uva-uvb,https://us.nuxe.com,https://duckduckgo.com/?q=Nuxe+Huile+Bronzante+Faible+Protection+SPF+10+Uva-uvb+ingredients+composition+INCI,,
LBR-04308,Nuxe,Insta Mask Detox 50 ML,https://us.nuxe.com,https://duckduckgo.com/?q=Nuxe+Insta+Mask+Detox+50+ML+ingredients+composition+INCI,,
LBR-04313,Nuxe,Insta Mask Exfoliyating 50 ML,https://us.nuxe.com,https://duckduckgo.com/?q=Nuxe+Insta+Mask+Exfoliyating+50+ML+ingredients+composition+INCI,,
LBR-04306,Nuxe,Ladies Very Rose Creamy Make-up Remover Milk,https://us.nuxe.com,https://duckduckgo.com/?q=Nuxe+Ladies+Very+Rose+Creamy+Make-up+Remover+Milk+ingredients+composition+INCI,,
LBR-04316,Nuxe,Men Gel Multi-Fonctions Hydratant 50ml,https://us.nuxe.com,https://duckduckgo.com/?q=Nuxe+Men+Gel+Multi-Fonctions+Hydratant+50ml+ingredients+composition+INCI,,
LBR-04299,Nuxe,Men Multi-Function Eye Contour 15ml,https://us.nuxe.com,https://duckduckgo.com/?q=Nuxe+Men+Multi-Function+Eye+Contour+15ml+ingredients+composition+INCI,,
LBR-04295,Nuxe,Micellar Foaming Cleanser with Rose Petals,https://us.nuxe.com,https://duckduckgo.com/?q=Nuxe+Micellar+Foaming+Cleanser+with+Rose+Petals+ingredients+composition+INCI,,
LBR-04321,Nuxe,NUXE Sun Tanning Oil Low Protection Spf10 150ml,https://us.nuxe.com,https://duckduckgo.com/?q=Nuxe+NUXE+Sun+Tanning+Oil+Low+Protection+Spf10+150ml+ingredients+composition+INCI,,
LBR-04278,Nuxe,NUXE WHITE Ultimate Glow Illuminating Anti-Dark Circle Eye Cream,https://us.nuxe.com,https://duckduckgo.com/?q=Nuxe+NUXE+WHITE+Ultimate+Glow+Illuminating+Anti-Dark+Circle+Eye+Cream+ingredients+composition+INCI,,
LBR-04270,Nuxe,Nux 22005 Rdt Scrub 150Ml,https://us.nuxe.com,https://duckduckgo.com/?q=Nuxe+Nux+22005+Rdt+Scrub+150Ml+ingredients+composition+INCI,,
LBR-04324,Nuxe,Sun 100 ml Sun Oil - Parfumswinkel,https://us.nuxe.com,https://duckduckgo.com/?q=Nuxe+Sun+100+ml+Sun+Oil+-+Parfumswinkel+ingredients+composition+INCI,,
LBR-04317,Nuxe,Sun Lait Fondant SPF50,https://us.nuxe.com,https://duckduckgo.com/?q=Nuxe+Sun+Lait+Fondant+SPF50+ingredients+composition+INCI,,
LBR-04291,Nuxe,Ultimate Glowing Brightening Concentrate Serum,https://us.nuxe.com,https://duckduckgo.com/?q=Nuxe+Ultimate+Glowing+Brightening+Concentrate+Serum+ingredients+composition+INCI,,
LBR-04369,Oils Of Nature,Bergamot Essential Oil 5 ML,https://oilofnature.co.uk,https://duckduckgo.com/?q=Oils+Of+Nature+Bergamot+Essential+Oil+5+ML+ingredients+composition+INCI,,
LBR-04367,Oils Of Nature,Cedarwood Atlas Essential Oil 5 ML,https://oilofnature.co.uk,https://duckduckgo.com/?q=Oils+Of+Nature+Cedarwood+Atlas+Essential+Oil+5+ML+ingredients+composition+INCI,,
LBR-04368,Oils Of Nature,Cocoa Lip Balm Butter 8 g,https://oilofnature.co.uk,https://duckduckgo.com/?q=Oils+Of+Nature+Cocoa+Lip+Balm+Butter+8+g+ingredients+composition+INCI,,
LBR-04378,Oils Of Nature,Eucalyptus Essential Oil 5 ML,https://oilofnature.co.uk,https://duckduckgo.com/?q=Oils+Of+Nature+Eucalyptus+Essential+Oil+5+ML+ingredients+composition+INCI,,
LBR-04379,Oils Of Nature,Frankincense Essential Oil 5 ML,https://oilofnature.co.uk,https://duckduckgo.com/?q=Oils+Of+Nature+Frankincense+Essential+Oil+5+ML+ingredients+composition+INCI,,
LBR-04380,Oils Of Nature,Geranium Essential Oil 5 ML,https://oilofnature.co.uk,https://duckduckgo.com/?q=Oils+Of+Nature+Geranium+Essential+Oil+5+ML+ingredients+composition+INCI,,
LBR-04381,Oils Of Nature,Jasmine Essential Oil 5 ML,https://oilofnature.co.uk,https://duckduckgo.com/?q=Oils+Of+Nature+Jasmine+Essential+Oil+5+ML+ingredients+composition+INCI,,
LBR-04389,Oils Of Nature,Jojoba Oil 100 ML,https://oilofnature.co.uk,https://duckduckgo.com/?q=Oils+Of+Nature+Jojoba+Oil+100+ML+ingredients+composition+INCI,,
LBR-04382,Oils Of Nature,Lemongrass Essential Oil 5 ML,https://oilofnature.co.uk,https://duckduckgo.com/?q=Oils+Of+Nature+Lemongrass+Essential+Oil+5+ML+ingredients+composition+INCI,,
LBR-04366,Oils Of Nature,Oils Of Nature Aromatic Cedar Oil 5 ml,https://oilofnature.co.uk,https://duckduckgo.com/?q=Oils+Of+Nature+Oils+Of+Nature+Aromatic+Cedar+Oil+5+ml+ingredients+composition+INCI,,
LBR-04377,Oils Of Nature,Oils Of Nature Detox Facial Mask 35 g,https://oilofnature.co.uk,https://duckduckgo.com/?q=Oils+Of+Nature+Oils+Of+Nature+Detox+Facial+Mask+35+g+ingredients+composition+INCI,,
LBR-04386,Oils Of Nature,Oils Of Nature Eyelash And Eyebrow Strengthener Oil 10 ml,https://oilofnature.co.uk,https://duckduckgo.com/?q=Oils+Of+Nature+Oils+Of+Nature+Eyelash+And+Eyebrow+Strengthener+Oil+10+ml+ingredients+composition+INCI,,
LBR-04391,Oils Of Nature,Oils Of Nature Micellar Rose Water 250 ml,https://oilofnature.co.uk,https://duckduckgo.com/?q=Oils+Of+Nature+Oils+Of+Nature+Micellar+Rose+Water+250+ml+ingredients+composition+INCI,,
LBR-04383,Oils Of Nature,Orange Essential Oil 5 ML,https://oilofnature.co.uk,https://duckduckgo.com/?q=Oils+Of+Nature+Orange+Essential+Oil+5+ML+ingredients+composition+INCI,,
LBR-04384,Oils Of Nature,Patchouli Essential Oil 5 ML,https://oilofnature.co.uk,https://duckduckgo.com/?q=Oils+Of+Nature+Patchouli+Essential+Oil+5+ML+ingredients+composition+INCI,,
LBR-04385,Oils Of Nature,Peppermint Essential Oil 5 ML,https://oilofnature.co.uk,https://duckduckgo.com/?q=Oils+Of+Nature+Peppermint+Essential+Oil+5+ML+ingredients+composition+INCI,,
LBR-04365,Oils Of Nature,Pure Argan Oil 100 ML,https://oilofnature.co.uk,https://duckduckgo.com/?q=Oils+Of+Nature+Pure+Argan+Oil+100+ML+ingredients+composition+INCI,,
LBR-04376,Oils Of Nature,Pure Coconut Oil 100 ML,https://oilofnature.co.uk,https://duckduckgo.com/?q=Oils+Of+Nature+Pure+Coconut+Oil+100+ML+ingredients+composition+INCI,,
LBR-04390,Oils Of Nature,Pure Magnesium Oil 150 ML,https://oilofnature.co.uk,https://duckduckgo.com/?q=Oils+Of+Nature+Pure+Magnesium+Oil+150+ML+ingredients+composition+INCI,,
LBR-04371,Oils Of Nature,Pure Refined Shea Butter 50 G,https://oilofnature.co.uk,https://duckduckgo.com/?q=Oils+Of+Nature+Pure+Refined+Shea+Butter+50+G+ingredients+composition+INCI,,
LBO-00396,Paradise,Paradise Cosmetic Argan Oil Facial Wash - Paradise Cosmetic,,https://duckduckgo.com/?q=Paradise+Paradise+Cosmetic+Argan+Oil+Facial+Wash+-+Paradise+Cosmetic+ingredients+composition+INCI,,
LBO-00400,Paradise,Paradise Cosmetic Argan Oil Foot Cream - Paradise Cosmetic,,https://duckduckgo.com/?q=Paradise+Paradise+Cosmetic+Argan+Oil+Foot+Cream+-+Paradise+Cosmetic+ingredients+composition+INCI,,
LBO-00392,Paradise,Paradise Cosmetic Argan Oil Scrub Gel - Paradise Cosmetic,,https://duckduckgo.com/?q=Paradise+Paradise+Cosmetic+Argan+Oil+Scrub+Gel+-+Paradise+Cosmetic+ingredients+composition+INCI,,
LBO-00397,Paradise,Paradise Cosmetic Body Cream - Paradise Cosmetic,,https://duckduckgo.com/?q=Paradise+Paradise+Cosmetic+Body+Cream+-+Paradise+Cosmetic+ingredients+composition+INCI,,
LBO-00393,Paradise,Paradise Cosmetic Hair Sunscreen Mist - Paradise Cosmetic,,https://duckduckgo.com/?q=Paradise+Paradise+Cosmetic+Hair+Sunscreen+Mist+-+Paradise+Cosmetic+ingredients+composition+INCI,,
LBO-00382,Paradise,Paradise Cosmetic Mask Shea Butter - Paradise Cosmetic,,https://duckduckgo.com/?q=Paradise+Paradise+Cosmetic+Mask+Shea+Butter+-+Paradise+Cosmetic+ingredients+composition+INCI,,
LBO-00404,Paradise,Paradise Cosmetic Shea Butter Eye Contour Cream - Paradise Cosmetic,,https://duckduckgo.com/?q=Paradise+Paradise+Cosmetic+Shea+Butter+Eye+Contour+Cream+-+Paradise+Cosmetic+ingredients+composition+INCI,,
LBO-00398,Paradise,Paradise Cosmetic Shea Butter Morning Cream - Paradise Cosmetic,,https://duckduckgo.com/?q=Paradise+Paradise+Cosmetic+Shea+Butter+Morning+Cream+-+Paradise+Cosmetic+ingredients+composition+INCI,,
LBO-00402,Paradise,Paradise Cosmetic Shea Butter Oil Replacement - Paradise Cosmetic,,https://duckduckgo.com/?q=Paradise+Paradise+Cosmetic+Shea+Butter+Oil+Replacement+-+Paradise+Cosmetic+ingredients+composition+INCI,,
LBR-04564,Prime,Buy Anti-acne gel + Coloreless moisturizing cream spf30 + Prime tinted sunscreen cream light beige Get Luffa cleansing  scrub gel,https://primeprometics.com,https://duckduckgo.com/?q=Prime+Buy+Anti-acne+gel+%2B+Coloreless+moisturizing+cream+spf30+%2B+Prime+tinted+sunscreen+cream+light+beige+Get+Luffa+cleansing++scrub+gel+ingredients+composition+INCI,,
LBR-04567,Prime,Buy C-prime intensive skin revivor and C-prime serum Get C-prime Liqyid syndet,https://primeprometics.com,https://duckduckgo.com/?q=Prime+Buy+C-prime+intensive+skin+revivor+and+C-prime+serum+Get+C-prime+Liqyid+syndet+ingredients+composition+INCI,,
LBR-04571,Prime,C.Prime Invisible Sunblock Gel SPF50 40ml,https://primeprometics.com,https://duckduckgo.com/?q=Prime+C.Prime+Invisible+Sunblock+Gel+SPF50+40ml+ingredients+composition+INCI,,
LBR-04560,Prime,Colorless Moisturizing Oily Skin SPF 30 50ml,https://primeprometics.com,https://duckduckgo.com/?q=Prime+Colorless+Moisturizing+Oily+Skin+SPF+30+50ml+ingredients+composition+INCI,,
LBR-04573,Prime,Colorless Rejuvenating Sunscreen SPF50 40ml,https://primeprometics.com,https://duckduckgo.com/?q=Prime+Colorless+Rejuvenating+Sunscreen+SPF50+40ml+ingredients+composition+INCI,,
LBR-04575,Prime,Expertise No-Frizz Serum 120ml,https://primeprometics.com,https://duckduckgo.com/?q=Prime+Expertise+No-Frizz+Serum+120ml+ingredients+composition+INCI,,
LBR-04574,Prime,Eye Firming Treatment Cream 15ml,https://primeprometics.com,https://duckduckgo.com/?q=Prime+Eye+Firming+Treatment+Cream+15ml+ingredients+composition+INCI,,
LBR-04572,Prime,Lofa Cleansing Scrub Gel For Oily Skin 175ML,https://primeprometics.com,https://duckduckgo.com/?q=Prime+Lofa+Cleansing+Scrub+Gel+For+Oily+Skin+175ML+ingredients+composition+INCI,,
LBR-04559,Prime,Moist 24 Cream 50ml,https://primeprometics.com,https://duckduckgo.com/?q=Prime+Moist+24+Cream+50ml+ingredients+composition+INCI,,
LBR-04566,Prime,Prime Apricot Cleansing Scrub Gel 175ml,https://primeprometics.com,https://duckduckgo.com/?q=Prime+Prime+Apricot+Cleansing+Scrub+Gel+175ml+ingredients+composition+INCI,,
LBR-04562,Prime,Prime Daily Anti-Aging Moisturizer 5% PHA 50ml,https://primeprometics.com,https://duckduckgo.com/?q=Prime+Prime+Daily+Anti-Aging+Moisturizer+5%25+PHA+50ml+ingredients+composition+INCI,,
LBR-04570,Prime,Prime Fusion Water Sunscreen with Vitamin C SPF50,https://primeprometics.com,https://duckduckgo.com/?q=Prime+Prime+Fusion+Water+Sunscreen+with+Vitamin+C+SPF50+ingredients+composition+INCI,,
LBR-04561,Prime,Tinted MOISTURZING OILY SKIN SPF 30,https://primeprometics.com,https://duckduckgo.com/?q=Prime+Tinted+MOISTURZING+OILY+SKIN+SPF+30+ingredients+composition+INCI,,
LBR-04563,Prime,Tinted Sunscreen SPF 60 For Oily Skin 40ml,https://primeprometics.com,https://duckduckgo.com/?q=Prime+Tinted+Sunscreen+SPF+60+For+Oily+Skin+40ml+ingredients+composition+INCI,,
LBR-04558,Prime,instant eye firming cream gel + fusion water nano-fluid sunscreen + liquid syndet +  skin reviver gel cream,https://primeprometics.com,https://duckduckgo.com/?q=Prime+instant+eye+firming+cream+gel+%2B+fusion+water+nano-fluid+sunscreen+%2B+liquid+syndet+%2B++skin+reviver+gel+cream+ingredients+composition+INCI,,
LBR-04594,Pupa Milano,Balinian Spa - Soothing & Moisturizing Salt Scrub,https://pupamilano.com,https://duckduckgo.com/?q=Pupa+Milano+Balinian+Spa+-+Soothing+%26+Moisturizing+Salt+Scrub+ingredients+composition+INCI,,
LBR-04603,Pupa Milano,Brightening Mask - Face - Revitalises and Brightens,https://pupamilano.com,https://duckduckgo.com/?q=Pupa+Milano+Brightening+Mask+-+Face+-+Revitalises+and+Brightens+ingredients+composition+INCI,,
LBR-04614,Pupa Milano,Detoxifying Mask - Face - Purifies and Revitalises,https://pupamilano.com,https://duckduckgo.com/?q=Pupa+Milano+Detoxifying+Mask+-+Face+-+Purifies+and+Revitalises+ingredients+composition+INCI,,
LBR-04617,Pupa Milano,Firming Mask - Face - Replenishes and Smoothes,https://pupamilano.com,https://duckduckgo.com/?q=Pupa+Milano+Firming+Mask+-+Face+-+Replenishes+and+Smoothes+ingredients+composition+INCI,,
LBR-04590,Pupa Milano,Hawaiian Spa - Toning Anti-Fatigue Salt Scrub,https://pupamilano.com,https://duckduckgo.com/?q=Pupa+Milano+Hawaiian+Spa+-+Toning+Anti-Fatigue+Salt+Scrub+ingredients+composition+INCI,,
LBR-04620,Pupa Milano,Idratante Hydrating Toner,https://pupamilano.com,https://duckduckgo.com/?q=Pupa+Milano+Idratante+Hydrating+Toner+ingredients+composition+INCI,,
LBR-04605,Pupa Milano,Latte Detergente Cleanser,https://pupamilano.com,https://duckduckgo.com/?q=Pupa+Milano+Latte+Detergente+Cleanser+ingredients+composition+INCI,,
LBR-04613,Pupa Milano,Made To Last Definition Lips,https://pupamilano.com,https://duckduckgo.com/?q=Pupa+Milano+Made+To+Last+Definition+Lips+ingredients+composition+INCI,,
LBR-04600,Pupa Milano,Nose Patches - Purifying Blackhead Remover For Nose,https://pupamilano.com,https://duckduckgo.com/?q=Pupa+Milano+Nose+Patches+-+Purifying+Blackhead+Remover+For+Nose+ingredients+composition+INCI,,
LBR-04592,Pupa Milano,PUPA MILANO Hawaiian Scrub Salino Antifat.350Gr,https://pupamilano.com,https://duckduckgo.com/?q=Pupa+Milano+PUPA+MILANO+Hawaiian+Scrub+Salino+Antifat.350Gr+ingredients+composition+INCI,,
LBR-04591,Pupa Milano,Persian Spa - Regenerating Anti-Stress Salt Scrub,https://pupamilano.com,https://duckduckgo.com/?q=Pupa+Milano+Persian+Spa+-+Regenerating+Anti-Stress+Salt+Scrub+ingredients+composition+INCI,,
LBR-04607,Pupa Milano,Pupa Color Trip Nourishing Lip Oil,https://pupamilano.com,https://duckduckgo.com/?q=Pupa+Milano+Pupa+Color+Trip+Nourishing+Lip+Oil+ingredients+composition+INCI,,
LBR-04595,Pupa Milano,Pupa Color Trip pH Reactive Lip Balm,https://pupamilano.com,https://duckduckgo.com/?q=Pupa+Milano+Pupa+Color+Trip+pH+Reactive+Lip+Balm+ingredients+composition+INCI,,
LBR-04611,Pupa Milano,Pupa Milano Hydra Defender For Men,https://pupamilano.com,https://duckduckgo.com/?q=Pupa+Milano+Pupa+Milano+Hydra+Defender+For+Men+ingredients+composition+INCI,,
LBR-04593,Pupa Milano,Pupa Milano Invisible Sun Stick for Face and Delicate Areas SPF50+,https://pupamilano.com,https://duckduckgo.com/?q=Pupa+Milano+Pupa+Milano+Invisible+Sun+Stick+for+Face+and+Delicate+Areas+SPF50%2B+ingredients+composition+INCI,,
LBR-04606,Pupa Milano,Pupa Milano Mousse Cleanser For Men,https://pupamilano.com,https://duckduckgo.com/?q=Pupa+Milano+Pupa+Milano+Mousse+Cleanser+For+Men+ingredients+composition+INCI,,
LBR-04598,Pupa Milano,Pupa Milano Perfect Balm For Men,https://pupamilano.com,https://duckduckgo.com/?q=Pupa+Milano+Pupa+Milano+Perfect+Balm+For+Men+ingredients+composition+INCI,,
LBR-04631,Pupa Milano,Pupa Milano Sunscreen Milk SPF15 200ml,https://pupamilano.com,https://duckduckgo.com/?q=Pupa+Milano+Pupa+Milano+Sunscreen+Milk+SPF15+200ml+ingredients+composition+INCI,,
LBR-04615,Pupa Milano,Pupa Milano Wand Eraser Makeup Remover 400ml,https://pupamilano.com,https://duckduckgo.com/?q=Pupa+Milano+Pupa+Milano+Wand+Eraser+Makeup+Remover+400ml+ingredients+composition+INCI,,
LBR-04602,Pupa Milano,Pupa Milano Water Booster For Men,https://pupamilano.com,https://duckduckgo.com/?q=Pupa+Milano+Pupa+Milano+Water+Booster+For+Men+ingredients+composition+INCI,,
LBR-04618,Pupa Milano,Repairing Foot Mask Sheet – Smoothes and Repairs,https://pupamilano.com,https://duckduckgo.com/?q=Pupa+Milano+Repairing+Foot+Mask+Sheet+%E2%80%93+Smoothes+and+Repairs+ingredients+composition+INCI,,
LBR-04634,Pupa Milano,SUN STICK SOLAIRE  SPF50+,https://pupamilano.com,https://duckduckgo.com/?q=Pupa+Milano+SUN+STICK+SOLAIRE++SPF50%2B+ingredients+composition+INCI,,
LBR-04584,Pupa Milano,SUNSCREEN MILK SPF 15 200 ML,https://pupamilano.com,https://duckduckgo.com/?q=Pupa+Milano+SUNSCREEN+MILK+SPF+15+200+ML+ingredients+composition+INCI,,
LBR-04608,Pupa Milano,Scrub Corpo Fruit Lovers 250ml,https://pupamilano.com,https://duckduckgo.com/?q=Pupa+Milano+Scrub+Corpo+Fruit+Lovers+250ml+ingredients+composition+INCI,,
LBR-04601,Pupa Milano,Teddy Land- Body scrub 150 ML,https://pupamilano.com,https://duckduckgo.com/?q=Pupa+Milano+Teddy+Land-+Body+scrub+150+ML+ingredients+composition+INCI,,
LBR-04665,Resultime,Anti Ageing Mattifying Fluid Zinc for Combination or Oily Skin 50ml,,https://duckduckgo.com/?q=Resultime+Anti+Ageing+Mattifying+Fluid+Zinc+for+Combination+or+Oily+Skin+50ml+ingredients+composition+INCI,,
LBR-04662,Resultime,Anti-Ageing 5 Expertise Eye Cream Vectorised Micro Collagen,,https://duckduckgo.com/?q=Resultime+Anti-Ageing+5+Expertise+Eye+Cream+Vectorised+Micro+Collagen+ingredients+composition+INCI,,
LBR-04668,Resultime,Anti-Ageing Eye Patches,,https://duckduckgo.com/?q=Resultime+Anti-Ageing+Eye+Patches+ingredients+composition+INCI,,
LBR-04669,Resultime,Anti-Ageing Multi-Perfecting Smoothing Finisher 30ml,,https://duckduckgo.com/?q=Resultime+Anti-Ageing+Multi-Perfecting+Smoothing+Finisher+30ml+ingredients+composition+INCI,,
LBR-04670,Resultime,Anti-Dark Spots Dark Spot Correcting Serum 30ml,,https://duckduckgo.com/?q=Resultime+Anti-Dark+Spots+Dark+Spot+Correcting+Serum+30ml+ingredients+composition+INCI,,
LBR-04671,Resultime,Booster with Collagen Glow VITAMIN C 15ml,,https://duckduckgo.com/?q=Resultime+Booster+with+Collagen+Glow+VITAMIN+C+15ml+ingredients+composition+INCI,,
LBR-04672,Resultime,Booster with Collagen Lift RETINOL + VECTORISED MICRO-COLLAGEN 15ml,,https://duckduckgo.com/?q=Resultime+Booster+with+Collagen+Lift+RETINOL+%2B+VECTORISED+MICRO-COLLAGEN+15ml+ingredients+composition+INCI,,
LBR-04675,Resultime,Collagen Gel Serum With Plumping Collagens 50ml,,https://duckduckgo.com/?q=Resultime+Collagen+Gel+Serum+With+Plumping+Collagens+50ml+ingredients+composition+INCI,,
LBR-04676,Resultime,Collagen Smoothing Essence With Plumping Collagen 100ml,,https://duckduckgo.com/?q=Resultime+Collagen+Smoothing+Essence+With+Plumping+Collagen+100ml+ingredients+composition+INCI,,
LBR-04674,Resultime,Collagen Wrinkle Filler Cream with Plumping Collagens,,https://duckduckgo.com/?q=Resultime+Collagen+Wrinkle+Filler+Cream+with+Plumping+Collagens+ingredients+composition+INCI,,
LBR-04660,Resultime,Crème Désaltérante 3 Acides Hyaluroniques 50ml,,https://duckduckgo.com/?q=Resultime+Cr%C3%A8me+D%C3%A9salt%C3%A9rante+3+Acides+Hyaluroniques+50ml+ingredients+composition+INCI,,
LBR-04667,Resultime,Express Anti-Ageing Mask,,https://duckduckgo.com/?q=Resultime+Express+Anti-Ageing+Mask+ingredients+composition+INCI,,
LBR-04661,Resultime,Hydrating Gel Cream  3 Hyaluronic Acids,,https://duckduckgo.com/?q=Resultime+Hydrating+Gel+Cream++3+Hyaluronic+Acids+ingredients+composition+INCI,,
LBR-04663,Resultime,Micellar Water Hyaluronic Acid Face and Eyes 200ml,,https://duckduckgo.com/?q=Resultime+Micellar+Water+Hyaluronic+Acid+Face+and+Eyes+200ml+ingredients+composition+INCI,,
LBR-04682,Resultime,Night Peeling Lotion 100ml,,https://duckduckgo.com/?q=Resultime+Night+Peeling+Lotion+100ml+ingredients+composition+INCI,,
LBR-04678,Resultime,Re-Densifying Cream Vitamin A,,https://duckduckgo.com/?q=Resultime+Re-Densifying+Cream+Vitamin+A+ingredients+composition+INCI,,
LBR-04664,Resultime,Resultime Anti Dark Spots SPF30 Unifying Cream Super Activated Vitamin C 50ml,,https://duckduckgo.com/?q=Resultime+Resultime+Anti+Dark+Spots+SPF30+Unifying+Cream+Super+Activated+Vitamin+C+50ml+ingredients+composition+INCI,,
LBR-04681,Resultime,Resultime Revitalising Detoxing Mask 50ml,,https://duckduckgo.com/?q=Resultime+Resultime+Revitalising+Detoxing+Mask+50ml+ingredients+composition+INCI,,
LBR-04677,Resultime,Wrinkle Filler Serum Eye & Lip Contour,,https://duckduckgo.com/?q=Resultime+Wrinkle+Filler+Serum+Eye+%26+Lip+Contour+ingredients+composition+INCI,,
LBR-04830,Revuele,BUY Polypeptide Eye Contour Cream + Elastin Line Filler Day Cream + Elastin Tightening Night Cream GET Age Revive Makeup remover,,https://duckduckgo.com/?q=Revuele+BUY+Polypeptide+Eye+Contour+Cream+%2B+Elastin+Line+Filler+Day+Cream+%2B+Elastin+Tightening+Night+Cream+GET+Age+Revive+Makeup+remover+ingredients+composition+INCI,,
LBR-04795,Revuele,BUY Vitamin C eye contour+ moisturiser+ serum GET green tea splash mask,,https://duckduckgo.com/?q=Revuele+BUY+Vitamin+C+eye+contour%2B+moisturiser%2B+serum+GET+green+tea+splash+mask+ingredients+composition+INCI,,
LBR-04852,Revuele,Black Mask Detox 80 Ml,,https://duckduckgo.com/?q=Revuele+Black+Mask+Detox+80+Ml+ingredients+composition+INCI,,
LBR-04883,Revuele,Face Scrub Menthol and Clay 80 Ml,,https://duckduckgo.com/?q=Revuele+Face+Scrub+Menthol+and+Clay+80+Ml+ingredients+composition+INCI,,
LBR-04832,Revuele,REVUELE Age Revive Micellar Milk Make Up Remover 200 Ml,,https://duckduckgo.com/?q=Revuele+REVUELE+Age+Revive+Micellar+Milk+Make+Up+Remover+200+Ml+ingredients+composition+INCI,,
LBR-04793,Revuele,"REVUELE Charcoal 3 in 1 Gel, Scrub, Mask 150 ml",,https://duckduckgo.com/?q=Revuele+REVUELE+Charcoal+3+in+1+Gel%2C+Scrub%2C+Mask+150+ml+ingredients+composition+INCI,,
LBR-04854,Revuele,REVUELE FOAMING BODY SCRUB Chocolate and Cinnamon 200ml,,https://duckduckgo.com/?q=Revuele+REVUELE+FOAMING+BODY+SCRUB+Chocolate+and+Cinnamon+200ml+ingredients+composition+INCI,,
LBR-04855,Revuele,"REVUELE FOAMING BODY SCRUB Lime, Coconut and Mint 200ml",,https://duckduckgo.com/?q=Revuele+REVUELE+FOAMING+BODY+SCRUB+Lime%2C+Coconut+and+Mint+200ml+ingredients+composition+INCI,,
LBR-04853,Revuele,REVUELE FOAMING BODY SCRUB Strawberry and Chia 200ml,,https://duckduckgo.com/?q=Revuele+REVUELE+FOAMING+BODY+SCRUB+Strawberry+and+Chia+200ml+ingredients+composition+INCI,,
LBR-04917,Revuele,REVUELE Filler Serum 30ML,,https://duckduckgo.com/?q=Revuele+REVUELE+Filler+Serum+30ML+ingredients+composition+INCI,,
LBR-04861,Revuele,REVUELE Go Glow! Boosting Cream Vitamin C+ E+ F  50ml,,https://duckduckgo.com/?q=Revuele+REVUELE+Go+Glow%21+Boosting+Cream+Vitamin+C%2B+E%2B+F++50ml+ingredients+composition+INCI,,
LBR-04909,Revuele,REVUELE Hyaluronic Daily Sun Serum Spf30 30ml,,https://duckduckgo.com/?q=Revuele+REVUELE+Hyaluronic+Daily+Sun+Serum+Spf30+30ml+ingredients+composition+INCI,,
LBR-04915,Revuele,"REVUELE Makeup Remover Face, Eyes, Lips 150ml",,https://duckduckgo.com/?q=Revuele+REVUELE+Makeup+Remover+Face%2C+Eyes%2C+Lips+150ml+ingredients+composition+INCI,,
LBR-04799,Revuele,Revuele 2-Phase Lift & Plump Serum 30ml,,https://duckduckgo.com/?q=Revuele+Revuele+2-Phase+Lift+%26+Plump+Serum+30ml+ingredients+composition+INCI,,
LBR-04797,Revuele,Revuele 2-Phase Soothe & Comfort Serum 30ml,,https://duckduckgo.com/?q=Revuele+Revuele+2-Phase+Soothe+%26+Comfort+Serum+30ml+ingredients+composition+INCI,,
LBR-04876,Revuele,Revuele A.M. Vibes Power Serum Caffeine + Vitamin E 30ml,,https://duckduckgo.com/?q=Revuele+Revuele+A.M.+Vibes+Power+Serum+Caffeine+%2B+Vitamin+E+30ml+ingredients+composition+INCI,,
LBR-04800,Revuele,Revuele Aloe Daily Sun Hand Cream SPF 20,,https://duckduckgo.com/?q=Revuele+Revuele+Aloe+Daily+Sun+Hand+Cream+SPF+20+ingredients+composition+INCI,,
LBR-04834,Revuele,"Revuele Aloe Daily Sun Serum SPF30 , 30 ML",,https://duckduckgo.com/?q=Revuele+Revuele+Aloe+Daily+Sun+Serum+SPF30+%2C+30+ML+ingredients+composition+INCI,,
LBR-04814,Revuele,Revuele Cityzen Build & Shield Guard Cream SPF 50 + HEV Defense,,https://duckduckgo.com/?q=Revuele+Revuele+Cityzen+Build+%26+Shield+Guard+Cream+SPF+50+%2B+HEV+Defense+ingredients+composition+INCI,,
LBR-04897,Revuele,Revuele Comforting Face Serum 30ml,,https://duckduckgo.com/?q=Revuele+Revuele+Comforting+Face+Serum+30ml+ingredients+composition+INCI,,
LBR-04820,Revuele,Revuele Hyaluron Acid Splash Mask 250ml (Reward),,https://duckduckgo.com/?q=Revuele+Revuele+Hyaluron+Acid+Splash+Mask+250ml+%28Reward%29+ingredients+composition+INCI,,
LBR-04801,Revuele,Revuele Luminize Gold & Bold Glow Fluid SPF 20,,https://duckduckgo.com/?q=Revuele+Revuele+Luminize+Gold+%26+Bold+Glow+Fluid+SPF+20+ingredients+composition+INCI,,
LBR-04803,Revuele,Revuele Luminize Rose & Pose Glow Fluid SPF 20,,https://duckduckgo.com/?q=Revuele+Revuele+Luminize+Rose+%26+Pose+Glow+Fluid+SPF+20+ingredients+composition+INCI,,
LBR-04893,Revuele,"Revuele New Way Correcting Serum Collagen, 35 ml",,https://duckduckgo.com/?q=Revuele+Revuele+New+Way+Correcting+Serum+Collagen%2C+35+ml+ingredients+composition+INCI,,
LBR-04943,Revuele,"Revuele New Way Face Smoothing Serum Retinol, 35 ml",,https://duckduckgo.com/?q=Revuele+Revuele+New+Way+Face+Smoothing+Serum+Retinol%2C+35+ml+ingredients+composition+INCI,,
LBR-04885,Revuele,Revuele Remove & Smooth Crystal Cleanser 200ml,,https://duckduckgo.com/?q=Revuele+Revuele+Remove+%26+Smooth+Crystal+Cleanser+200ml+ingredients+composition+INCI,,
LBR-04948,Rogé Cavaillès,Almond Butter & Rose Cream Soap,https://rogecavailles.castordebian.planet-service.net,https://duckduckgo.com/?q=Rog%C3%A9+Cavaill%C3%A8s+Almond+Butter+%26+Rose+Cream+Soap+ingredients+composition+INCI,,
LBR-04954,Rogé Cavaillès,Baume Lèvres Gourmet Protect 5.5Ml,https://rogecavailles.castordebian.planet-service.net,https://duckduckgo.com/?q=Rog%C3%A9+Cavaill%C3%A8s+Baume+L%C3%A8vres+Gourmet+Protect+5.5Ml+ingredients+composition+INCI,,
LBR-04965,Rogé Cavaillès,Dermo-U.H.T Ultra-Rich Cleansing Cream,https://rogecavailles.castordebian.planet-service.net,https://duckduckgo.com/?q=Rog%C3%A9+Cavaill%C3%A8s+Dermo-U.H.T+Ultra-Rich+Cleansing+Cream+ingredients+composition+INCI,,
LBR-04968,Rogé Cavaillès,Fig Delight Superfat Soap 100 G,https://rogecavailles.castordebian.planet-service.net,https://duckduckgo.com/?q=Rog%C3%A9+Cavaill%C3%A8s+Fig+Delight+Superfat+Soap+100+G+ingredients+composition+INCI,,
LBR-04962,Rogé Cavaillès,Freshness Intimate Cleanser,https://rogecavailles.castordebian.planet-service.net,https://duckduckgo.com/?q=Rog%C3%A9+Cavaill%C3%A8s+Freshness+Intimate+Cleanser+ingredients+composition+INCI,,
LBR-04946,Rogé Cavaillès,Intimate Cleanser With Antibacterial Agent,https://rogecavailles.castordebian.planet-service.net,https://duckduckgo.com/?q=Rog%C3%A9+Cavaill%C3%A8s+Intimate+Cleanser+With+Antibacterial+Agent+ingredients+composition+INCI,,
LBR-04953,Rogé Cavaillès,Les Levres Baume Gourmand 5.5 ML,https://rogecavailles.castordebian.planet-service.net,https://duckduckgo.com/?q=Rog%C3%A9+Cavaill%C3%A8s+Les+Levres+Baume+Gourmand+5.5+ML+ingredients+composition+INCI,,
LBR-04966,Rogé Cavaillès,My Complete Routine for Holidays Set,https://rogecavailles.castordebian.planet-service.net,https://duckduckgo.com/?q=Rog%C3%A9+Cavaill%C3%A8s+My+Complete+Routine+for+Holidays+Set+ingredients+composition+INCI,,
LBR-04951,Rogé Cavaillès,Nutrissance Nourishing Lip Balm 5.5G,https://rogecavailles.castordebian.planet-service.net,https://duckduckgo.com/?q=Rog%C3%A9+Cavaill%C3%A8s+Nutrissance+Nourishing+Lip+Balm+5.5G+ingredients+composition+INCI,,
LBR-04972,Rogé Cavaillès,Original Garden Superfat Soap 100 G,https://rogecavailles.castordebian.planet-service.net,https://duckduckgo.com/?q=Rog%C3%A9+Cavaill%C3%A8s+Original+Garden+Superfat+Soap+100+G+ingredients+composition+INCI,,
LBR-04961,Rogé Cavaillès,Roge Cavailles Facial Cleanser Soothing Foam 70g,https://rogecavailles.castordebian.planet-service.net,https://duckduckgo.com/?q=Rog%C3%A9+Cavaill%C3%A8s+Roge+Cavailles+Facial+Cleanser+Soothing+Foam+70g+ingredients+composition+INCI,,
LBR-04959,Rogé Cavaillès,Roge Cavailles Gentle Exfoliating Solid Facial Cleanser 70g,https://rogecavailles.castordebian.planet-service.net,https://duckduckgo.com/?q=Rog%C3%A9+Cavaill%C3%A8s+Roge+Cavailles+Gentle+Exfoliating+Solid+Facial+Cleanser+70g+ingredients+composition+INCI,,
LBR-04964,Rogé Cavaillès,Roge Cavailles Radiance Mask Solid Facial Cleanser 70g,https://rogecavailles.castordebian.planet-service.net,https://duckduckgo.com/?q=Rog%C3%A9+Cavaill%C3%A8s+Roge+Cavailles+Radiance+Mask+Solid+Facial+Cleanser+70g+ingredients+composition+INCI,,
LBR-04969,Rogé Cavaillès,Solid Face Wash - Gentle Exfoliant,https://rogecavailles.castordebian.planet-service.net,https://duckduckgo.com/?q=Rog%C3%A9+Cavaill%C3%A8s+Solid+Face+Wash+-+Gentle+Exfoliant+ingredients+composition+INCI,,
LBR-04971,Rogé Cavaillès,Solid Face Wash - Soothing Foam,https://rogecavailles.castordebian.planet-service.net,https://duckduckgo.com/?q=Rog%C3%A9+Cavaill%C3%A8s+Solid+Face+Wash+-+Soothing+Foam+ingredients+composition+INCI,,
LBR-04973,Rogé Cavaillès,Superfatted Honey Nectar Soap 100 G,https://rogecavailles.castordebian.planet-service.net,https://duckduckgo.com/?q=Rog%C3%A9+Cavaill%C3%A8s+Superfatted+Honey+Nectar+Soap+100+G+ingredients+composition+INCI,,
LBR-04955,Rogé Cavaillès,Superfatted Orange Blossom and Jasmine Soap 100 G,https://rogecavailles.castordebian.planet-service.net,https://duckduckgo.com/?q=Rog%C3%A9+Cavaill%C3%A8s+Superfatted+Orange+Blossom+and+Jasmine+Soap+100+G+ingredients+composition+INCI,,
LBR-04947,Rogé Cavaillès,Velvety Soap Enriched with Argan & Almond Oils,https://rogecavailles.castordebian.planet-service.net,https://duckduckgo.com/?q=Rog%C3%A9+Cavaill%C3%A8s+Velvety+Soap+Enriched+with+Argan+%26+Almond+Oils+ingredients+composition+INCI,,
LBR-04974,Rogé Cavaillès,Velvety Soft Milk 500ML,https://rogecavailles.castordebian.planet-service.net,https://duckduckgo.com/?q=Rog%C3%A9+Cavaill%C3%A8s+Velvety+Soft+Milk+500ML+ingredients+composition+INCI,,
LBR-05152,Shiseido,BNF Day & Night Duo Kit 30 ml,https://shiseido.com,https://duckduckgo.com/?q=Shiseido+BNF+Day+%26+Night+Duo+Kit+30+ml+ingredients+composition+INCI,,
LBR-05121,Shiseido,BNF Mini Gift Kit  21,https://shiseido.com,https://duckduckgo.com/?q=Shiseido+BNF+Mini+Gift+Kit++21+ingredients+composition+INCI,,
LBR-05150,Shiseido,BNF WS Cream Enriched Pouch Set SS22,https://shiseido.com,https://duckduckgo.com/?q=Shiseido+BNF+WS+Cream+Enriched+Pouch+Set+SS22+ingredients+composition+INCI,,
LBR-05132,Shiseido,BOP AS Revitalizing Cream Pouch Set SS22,https://shiseido.com,https://duckduckgo.com/?q=Shiseido+BOP+AS+Revitalizing+Cream+Pouch+Set+SS22+ingredients+composition+INCI,,
LBR-05131,Shiseido,Benefiance Anti-Wrinkle Program Pouch Set,https://shiseido.com,https://duckduckgo.com/?q=Shiseido+Benefiance+Anti-Wrinkle+Program+Pouch+Set+ingredients+composition+INCI,,
LBR-05191,Shiseido,Firming Massage Mask,https://shiseido.com,https://duckduckgo.com/?q=Shiseido+Firming+Massage+Mask+ingredients+composition+INCI,,
LBR-05129,Shiseido,GSC After Sun Emulsion for Face N 50Ml,https://shiseido.com,https://duckduckgo.com/?q=Shiseido+GSC+After+Sun+Emulsion+for+Face+N+50Ml+ingredients+composition+INCI,,
LBR-05147,Shiseido,GSC UV Lip Color Splash T Blue,https://shiseido.com,https://duckduckgo.com/?q=Shiseido+GSC+UV+Lip+Color+Splash+T+Blue+ingredients+composition+INCI,,
LBR-05172,Shiseido,GSC UV Lip Color Splash U Red,https://shiseido.com,https://duckduckgo.com/?q=Shiseido+GSC+UV+Lip+Color+Splash+U+Red+ingredients+composition+INCI,,
LBR-05175,Shiseido,SFS LX Eye & Lip Contour R Cream N,https://shiseido.com,https://duckduckgo.com/?q=Shiseido+SFS+LX+Eye+%26+Lip+Contour+R+Cream+N+ingredients+composition+INCI,,
LBR-05186,Shiseido,SFS LX Legendary Enmei Luminance Serum 30Ml,https://shiseido.com,https://duckduckgo.com/?q=Shiseido+SFS+LX+Legendary+Enmei+Luminance+Serum+30Ml+ingredients+composition+INCI,,
LBR-05177,Shiseido,SFS LX Total Protective Day Cream,https://shiseido.com,https://duckduckgo.com/?q=Shiseido+SFS+LX+Total+Protective+Day+Cream+ingredients+composition+INCI,,
LBR-05148,Shiseido,Shiseido Global Suncare Blue Expert Sun Lotion Spf30 150ml,https://shiseido.com,https://duckduckgo.com/?q=Shiseido+Shiseido+Global+Suncare+Blue+Expert+Sun+Lotion+Spf30+150ml+ingredients+composition+INCI,,
LBR-05135,Shiseido,Shiseido Waso Multi Relief SOS Balm 20ml,https://shiseido.com,https://duckduckgo.com/?q=Shiseido+Shiseido+Waso+Multi+Relief+SOS+Balm+20ml+ingredients+composition+INCI,,
LBR-05137,Shiseido,Sports BB Water Resistant Sunscreen SPF50+,https://shiseido.com,https://duckduckgo.com/?q=Shiseido+Sports+BB+Water+Resistant+Sunscreen+SPF50%2B+ingredients+composition+INCI,,
LBR-05184,Shiseido,Ultimune Defense Refresh Mist,https://shiseido.com,https://duckduckgo.com/?q=Shiseido+Ultimune+Defense+Refresh+Mist+ingredients+composition+INCI,,
LBR-05158,Shiseido,Waso Moisture Charge Gel to oil kit,https://shiseido.com,https://duckduckgo.com/?q=Shiseido+Waso+Moisture+Charge+Gel+to+oil+kit+ingredients+composition+INCI,,
LBR-05188,Shiseido,Waso Perfect Skin Essentials,https://shiseido.com,https://duckduckgo.com/?q=Shiseido+Waso+Perfect+Skin+Essentials+ingredients+composition+INCI,,
LBR-05206,Shiseido,Waso Sos Moisture Kit,https://shiseido.com,https://duckduckgo.com/?q=Shiseido+Waso+Sos+Moisture+Kit+ingredients+composition+INCI,,
LBR-05367,Soskin,Brightness Lip Repair (Restorative Range),https://soskin.fr,https://duckduckgo.com/?q=Soskin+Brightness+Lip+Repair+%28Restorative+Range%29+ingredients+composition+INCI,,
LBR-05391,Soskin,Densifyer Cream,https://soskin.fr,https://duckduckgo.com/?q=Soskin+Densifyer+Cream+ingredients+composition+INCI,,
LBR-05333,Soskin,Guess the Product 1 Soskin winner: Double Action Smoothing Mask,https://soskin.fr,https://duckduckgo.com/?q=Soskin+Guess+the+Product+1+Soskin+winner%3A+Double+Action+Smoothing+Mask+ingredients+composition+INCI,,
LBR-05360,Soskin,SOSKIN Biphase Make Up Remover 100ml,https://soskin.fr,https://duckduckgo.com/?q=Soskin+SOSKIN+Biphase+Make+Up+Remover+100ml+ingredients+composition+INCI,,
LBR-05356,Soskin,SOSKIN C-VITAL SERUM 30 ML + SOSKIN SOIN APAISANT YEUX HAUTE TOLERANCE,https://soskin.fr,https://duckduckgo.com/?q=Soskin+SOSKIN+C-VITAL+SERUM+30+ML+%2B+SOSKIN+SOIN+APAISANT+YEUX+HAUTE+TOLERANCE+ingredients+composition+INCI,,
LBR-05339,Soskin,SOSKIN CONCENTRE ECLAT-VITALITE-C20 + SOSKIN FLUIDE SOLAIRE SPF 50+,https://soskin.fr,https://duckduckgo.com/?q=Soskin+SOSKIN+CONCENTRE+ECLAT-VITALITE-C20+%2B+SOSKIN+FLUIDE+SOLAIRE+SPF+50%2B+ingredients+composition+INCI,,
LBR-05390,Soskin,SOSKIN Double Correction Serum 30 ML + Soskin Fluid Sunscreen 50ml,https://soskin.fr,https://duckduckgo.com/?q=Soskin+SOSKIN+Double+Correction+Serum+30+ML+%2B+Soskin+Fluid+Sunscreen+50ml+ingredients+composition+INCI,,
LBR-05336,Soskin,SOSKIN FLUIDE CLARIFIANT SPF 25 + SOSKIN GEL CREME INTENSIF DEPIGMENTANT + SOSKIN MOUSSE NETTOYANTE CLARIFIANTE 100 ML (Gift),https://soskin.fr,https://duckduckgo.com/?q=Soskin+SOSKIN+FLUIDE+CLARIFIANT+SPF+25+%2B+SOSKIN+GEL+CREME+INTENSIF+DEPIGMENTANT+%2B+SOSKIN+MOUSSE+NETTOYANTE+CLARIFIANTE+100+ML+%28Gift%29+ingredients+composition+INCI,,
LBR-05342,Soskin,SOSKIN HYDRAGLOW SOIN HYDRATATION + SOSKIN FLUIDE SOLAIRE SPF 50+,https://soskin.fr,https://duckduckgo.com/?q=Soskin+SOSKIN+HYDRAGLOW+SOIN+HYDRATATION+%2B+SOSKIN+FLUIDE+SOLAIRE+SPF+50%2B+ingredients+composition+INCI,,
LBR-05406,Soskin,SOSKIN Super Hydrating Mask,https://soskin.fr,https://duckduckgo.com/?q=Soskin+SOSKIN+Super+Hydrating+Mask+ingredients+composition+INCI,,
LBR-05369,Soskin,SOSKIN n-BTX Visible expression lines corrector 30ml,https://soskin.fr,https://duckduckgo.com/?q=Soskin+SOSKIN+n-BTX+Visible+expression+lines+corrector+30ml+ingredients+composition+INCI,,
LBR-05386,Soskin,Soskin Soothing Concentrate Serum,https://soskin.fr,https://duckduckgo.com/?q=Soskin+Soskin+Soothing+Concentrate+Serum+ingredients+composition+INCI,,
LBR-05408,Soskin,Super Moist Mask 150 ML,https://soskin.fr,https://duckduckgo.com/?q=Soskin+Super+Moist+Mask+150+ML+ingredients+composition+INCI,,
LBR-05483,Swiss Image,Elassticity Boosting Eye Cream 36+,https://imageskincaresuisse.ch,https://duckduckgo.com/?q=Swiss+Image+Elassticity+Boosting+Eye+Cream+36%2B+ingredients+composition+INCI,,
LBR-05485,Swiss Image,Elassticity Boosting Serum  36+,https://imageskincaresuisse.ch,https://duckduckgo.com/?q=Swiss+Image+Elassticity+Boosting+Serum++36%2B+ingredients+composition+INCI,,
LBR-05489,Swiss Image,Essential Absolute Repair Night Cream,https://imageskincaresuisse.ch,https://duckduckgo.com/?q=Swiss+Image+Essential+Absolute+Repair+Night+Cream+ingredients+composition+INCI,,
LBR-05502,Swiss Image,Essential Soothing Face Wash Gel-Cream,https://imageskincaresuisse.ch,https://duckduckgo.com/?q=Swiss+Image+Essential+Soothing+Face+Wash+Gel-Cream+ingredients+composition+INCI,,
LBR-05486,Swiss Image,Re-Firming Night Cream 46+ 50 mL,https://imageskincaresuisse.ch,https://duckduckgo.com/?q=Swiss+Image+Re-Firming+Night+Cream+46%2B+50+mL+ingredients+composition+INCI,,
LBR-05487,Swiss Image,Re-Firming Serum 46+,https://imageskincaresuisse.ch,https://duckduckgo.com/?q=Swiss+Image+Re-Firming+Serum+46%2B+ingredients+composition+INCI,,
LBR-05511,Swiss Image,Soothing Micellar Water,https://imageskincaresuisse.ch,https://duckduckgo.com/?q=Swiss+Image+Soothing+Micellar+Water+ingredients+composition+INCI,,
LBR-05495,Swiss Image,Swiss Image Aqua Boost Hydrating Mist Toner 150ml,https://imageskincaresuisse.ch,https://duckduckgo.com/?q=Swiss+Image+Swiss+Image+Aqua+Boost+Hydrating+Mist+Toner+150ml+ingredients+composition+INCI,,
LBR-05496,Swiss Image,Swiss Image Aqua Boost Hydrating Serum 30ml,https://imageskincaresuisse.ch,https://duckduckgo.com/?q=Swiss+Image+Swiss+Image+Aqua+Boost+Hydrating+Serum+30ml+ingredients+composition+INCI,,
LBR-05494,Swiss Image,Swiss Image Aqua Boost Hydrating Water Gel Cream 50ml,https://imageskincaresuisse.ch,https://duckduckgo.com/?q=Swiss+Image+Swiss+Image+Aqua+Boost+Hydrating+Water+Gel+Cream+50ml+ingredients+composition+INCI,,
LBR-05493,Swiss Image,Swiss Image Aqua Boost Water Gel Cleanser Pump 200ml,https://imageskincaresuisse.ch,https://duckduckgo.com/?q=Swiss+Image+Swiss+Image+Aqua+Boost+Water+Gel+Cleanser+Pump+200ml+ingredients+composition+INCI,,
LBR-05506,Swiss Image,Swiss Image Infinite Hydration Serum,https://imageskincaresuisse.ch,https://duckduckgo.com/?q=Swiss+Image+Swiss+Image+Infinite+Hydration+Serum+ingredients+composition+INCI,,
LBR-05507,Swiss Image,Swiss Image Infinite Illumination Serum,https://imageskincaresuisse.ch,https://duckduckgo.com/?q=Swiss+Image+Swiss+Image+Infinite+Illumination+Serum+ingredients+composition+INCI,,
LBR-05509,Swiss Image,Swiss Image Infinite Rejuvenation Serum,https://imageskincaresuisse.ch,https://duckduckgo.com/?q=Swiss+Image+Swiss+Image+Infinite+Rejuvenation+Serum+ingredients+composition+INCI,,
LBR-05505,Swiss Image,Swiss Image Pore Tightening & Mattifying Foaming Face Wash 150ml,https://imageskincaresuisse.ch,https://duckduckgo.com/?q=Swiss+Image+Swiss+Image+Pore+Tightening+%26+Mattifying+Foaming+Face+Wash+150ml+ingredients+composition+INCI,,
LBR-05522,Talika,Eye Therapy Patch Smoothing Instant Patch Reusable 5 Times X 1,https://talika.com,https://duckduckgo.com/?q=Talika+Eye+Therapy+Patch+Smoothing+Instant+Patch+Reusable+5+Times+X+1+ingredients+composition+INCI,,
LBR-05525,Talika,"Eyebrow Lipocils Platinum Double 2x8,5 ml",https://talika.com,https://duckduckgo.com/?q=Talika+Eyebrow+Lipocils+Platinum+Double+2x8%2C5+ml+ingredients+composition+INCI,,
LBR-05552,Talika,Free Skin Patch Patches,https://talika.com,https://duckduckgo.com/?q=Talika+Free+Skin+Patch+Patches+ingredients+composition+INCI,,
LBR-05526,Talika,"Lipocils Platinium 2x8,5 ml",https://talika.com,https://duckduckgo.com/?q=Talika+Lipocils+Platinium+2x8%2C5+ml+ingredients+composition+INCI,,
LBR-05554,Talika,Skintelligence Hydra Face Gentle Scrub 50 ml,https://talika.com,https://duckduckgo.com/?q=Talika+Skintelligence+Hydra+Face+Gentle+Scrub+50+ml+ingredients+composition+INCI,,
LBR-05560,Talika,Skintelligence Micellar Water 200 ML,https://talika.com,https://duckduckgo.com/?q=Talika+Skintelligence+Micellar+Water+200+ML+ingredients+composition+INCI,,
LBR-05523,Talika,TALIKA Bio Enzymes Patch Hydratant 1 Patch,https://talika.com,https://duckduckgo.com/?q=Talika+TALIKA+Bio+Enzymes+Patch+Hydratant+1+Patch+ingredients+composition+INCI,,
LBR-05546,Talika,Talika Eye Therapy Patch Solo Zebra Collector Limited Edition Patch,https://talika.com,https://duckduckgo.com/?q=Talika+Talika+Eye+Therapy+Patch+Solo+Zebra+Collector+Limited+Edition+Patch+ingredients+composition+INCI,,
LBR-05553,Talika,Talika Genius Light Therapy Mask,https://talika.com,https://duckduckgo.com/?q=Talika+Talika+Genius+Light+Therapy+Mask+ingredients+composition+INCI,,
LBR-05544,Talika,Talika Lash Conditioning Cleanser - Oil Free Makeup Remover,https://talika.com,https://duckduckgo.com/?q=Talika+Talika+Lash+Conditioning+Cleanser+-+Oil+Free+Makeup+Remover+ingredients+composition+INCI,,
LBR-05557,Talika,Talika Lipocils Make Up Remover 30ml,https://talika.com,https://duckduckgo.com/?q=Talika+Talika+Lipocils+Make+Up+Remover+30ml+ingredients+composition+INCI,,
LBR-05545,Talika,Talika Skintelligence Face Moisturizing Foaming Cleanser 150ml,https://talika.com,https://duckduckgo.com/?q=Talika+Talika+Skintelligence+Face+Moisturizing+Foaming+Cleanser+150ml+ingredients+composition+INCI,,
LBR-05559,Talika,Talika Skintelligence Face Moisturizing Micellar Solution 200ml,https://talika.com,https://duckduckgo.com/?q=Talika+Talika+Skintelligence+Face+Moisturizing+Micellar+Solution+200ml+ingredients+composition+INCI,,
LBR-05663,Uriage,Age Lift - Revitalizing night smoothing cream 40ml,https://uriage.com,https://duckduckgo.com/?q=Uriage+Age+Lift+-+Revitalizing+night+smoothing+cream+40ml+ingredients+composition+INCI,,
LBR-05654,Uriage,Age Protect Multi-Action Fluid  Normal to Combination Skin,https://uriage.com,https://duckduckgo.com/?q=Uriage+Age+Protect+Multi-Action+Fluid++Normal+to+Combination+Skin+ingredients+composition+INCI,,
LBR-05695,Uriage,Bariéderm Cica-Cream with Copper-Zinc  Weakened Irritated Skin,https://uriage.com,https://duckduckgo.com/?q=Uriage+Bari%C3%A9derm+Cica-Cream+with+Copper-Zinc++Weakened+Irritated+Skin+ingredients+composition+INCI,,
LBR-05703,Uriage,Bariésun Dry Mist High Protection SPF30 Sensitive Skin,https://uriage.com,https://duckduckgo.com/?q=Uriage+Bari%C3%A9sun+Dry+Mist+High+Protection+SPF30+Sensitive+Skin+ingredients+composition+INCI,,
LBR-05766,Uriage,DS Regulating Soothing Emulsion Skin Prone to Irritations Redness and Scales,https://uriage.com,https://duckduckgo.com/?q=Uriage+DS+Regulating+Soothing+Emulsion+Skin+Prone+to+Irritations+Redness+and+Scales+ingredients+composition+INCI,,
LBR-05741,Uriage,Doree Colored Cream Spf50 +,https://uriage.com,https://duckduckgo.com/?q=Uriage+Doree+Colored+Cream+Spf50+%2B+ingredients+composition+INCI,,
LBR-05744,Uriage,Eau Thermale - Water Cream Tinted Compact Spf30 10g,https://uriage.com,https://duckduckgo.com/?q=Uriage+Eau+Thermale+-+Water+Cream+Tinted+Compact+Spf30+10g+ingredients+composition+INCI,,
LBR-05742,Uriage,Eau Thermale Light Water Cream - Normal to Combination Skin,https://uriage.com,https://duckduckgo.com/?q=Uriage+Eau+Thermale+Light+Water+Cream+-+Normal+to+Combination+Skin+ingredients+composition+INCI,,
LBR-05749,Uriage,Eau Thermale Rich Water Cream Dry to Very Dry Skin,https://uriage.com,https://duckduckgo.com/?q=Uriage+Eau+Thermale+Rich+Water+Cream+Dry+to+Very+Dry+Skin+ingredients+composition+INCI,,
LBR-05770,Uriage,Eau Thermale Réparatrice 150 ML,https://uriage.com,https://duckduckgo.com/?q=Uriage+Eau+Thermale+R%C3%A9paratrice+150+ML+ingredients+composition+INCI,,
LBR-05743,Uriage,Eau Thermale Water Jelly - Hydration For Normal To Combination Skin,https://uriage.com,https://duckduckgo.com/?q=Uriage+Eau+Thermale+Water+Jelly+-+Hydration+For+Normal+To+Combination+Skin+ingredients+composition+INCI,,
LBR-05762,Uriage,Eclat des fêtes,https://uriage.com,https://duckduckgo.com/?q=Uriage+Eclat+des+f%C3%AAtes+ingredients+composition+INCI,,
LBR-05764,Uriage,Gentle Jelly Face Scrub - Normal to Dry Skin,https://uriage.com,https://duckduckgo.com/?q=Uriage+Gentle+Jelly+Face+Scrub+-+Normal+to+Dry+Skin+ingredients+composition+INCI,,
LBR-05718,Uriage,HYSEAC SERUM BOOSTER  F 30ML+HYSEAC GEL NET.50ml,https://uriage.com,https://duckduckgo.com/?q=Uriage+HYSEAC+SERUM+BOOSTER++F+30ML%2BHYSEAC+GEL+NET.50ml+ingredients+composition+INCI,,
LBR-05771,Uriage,Hydratation etoilée,https://uriage.com,https://duckduckgo.com/?q=Uriage+Hydratation+etoil%C3%A9e+ingredients+composition+INCI,,
LBR-05711,Uriage,Hyséac Bi-Stick Local Skin-Care  Oily Skin with Blemishes,https://uriage.com,https://duckduckgo.com/?q=Uriage+Hys%C3%A9ac+Bi-Stick+Local+Skin-Care++Oily+Skin+with+Blemishes+ingredients+composition+INCI,,
LBR-05693,Uriage,Hyséac Dermatological Bar Combination to Oily Skin,https://uriage.com,https://duckduckgo.com/?q=Uriage+Hys%C3%A9ac+Dermatological+Bar+Combination+to+Oily+Skin+ingredients+composition+INCI,,
LBR-05783,Uriage,Make Up Removing Milk 250 ML,https://uriage.com,https://duckduckgo.com/?q=Uriage+Make+Up+Removing+Milk+250+ML+ingredients+composition+INCI,,
LBR-05673,Uriage,URIAGE Bariesun Spf50+Fluide Anti Taches 40ml,https://uriage.com,https://duckduckgo.com/?q=Uriage+URIAGE+Bariesun+Spf50%2BFluide+Anti+Taches+40ml+ingredients+composition+INCI,,
LBR-05642,Uriage,URIAGE Hyseac 3-Soin Global Teinte Spf30+,https://uriage.com,https://duckduckgo.com/?q=Uriage+URIAGE+Hyseac+3-Soin+Global+Teinte+Spf30%2B+ingredients+composition+INCI,,
LBR-05778,Uriage,URIAGE Hyseac Masque Gommant 100ml,https://uriage.com,https://duckduckgo.com/?q=Uriage+URIAGE+Hyseac+Masque+Gommant+100ml+ingredients+composition+INCI,,
LBR-05781,Uriage,URIAGE Xemose Stick Levres Hydratant,https://uriage.com,https://duckduckgo.com/?q=Uriage+URIAGE+Xemose+Stick+Levres+Hydratant+ingredients+composition+INCI,,
LBR-05660,Uriage,Uriage Age Lift Firming Smoothing Day Fluid 40ml,https://uriage.com,https://duckduckgo.com/?q=Uriage+Uriage+Age+Lift+Firming+Smoothing+Day+Fluid+40ml+ingredients+composition+INCI,,
LBR-05662,Uriage,Uriage Age Lift Peel Night Cream 50ml,https://uriage.com,https://duckduckgo.com/?q=Uriage+Uriage+Age+Lift+Peel+Night+Cream+50ml+ingredients+composition+INCI,,
LBR-05661,Uriage,Uriage Age Lift Protective Smoothing Day Cream SPF30 40ml,https://uriage.com,https://duckduckgo.com/?q=Uriage+Uriage+Age+Lift+Protective+Smoothing+Day+Cream+SPF30+40ml+ingredients+composition+INCI,,
LBR-05692,Uriage,Uriage Bariederm Lip Balm 15ml,https://uriage.com,https://duckduckgo.com/?q=Uriage+Uriage+Bariederm+Lip+Balm+15ml+ingredients+composition+INCI,,
LBR-05650,Uriage,Uriage Bariésun Mattifying Fluid SPF50 - Acne Prone Skin,https://uriage.com,https://duckduckgo.com/?q=Uriage+Uriage+Bari%C3%A9sun+Mattifying+Fluid+SPF50+-+Acne+Prone+Skin+ingredients+composition+INCI,,
LBR-05757,Uriage,Uriage D.S. Emulsion Regulating Treatment 40 ml,https://uriage.com,https://duckduckgo.com/?q=Uriage+Uriage+D.S.+Emulsion+Regulating+Treatment+40+ml+ingredients+composition+INCI,,
LBR-05750,Uriage,Uriage Xemose Universal Emollient Cream,https://uriage.com,https://duckduckgo.com/?q=Uriage+Uriage+Xemose+Universal+Emollient+Cream+ingredients+composition+INCI,,
LBR-05751,Uriage,Water Cream 50 ML & Free Glow Up Water Essence 100 ML,https://uriage.com,https://duckduckgo.com/?q=Uriage+Water+Cream+50+ML+%26+Free+Glow+Up+Water+Essence+100+ML+ingredients+composition+INCI,,
LBR-05669,Uriage,Xémose Lipid-Replenishing Anti-Irritation Cream Very Dry Skin Prone to Atopy,https://uriage.com,https://duckduckgo.com/?q=Uriage+X%C3%A9mose+Lipid-Replenishing+Anti-Irritation+Cream+Very+Dry+Skin+Prone+to+Atopy+ingredients+composition+INCI,,
LBR-05803,Vichy,Ideal Soleil Bronzing Sun Protection Water SPF 30 200ML,https://vichyusa.com,https://duckduckgo.com/?q=Vichy+Ideal+Soleil+Bronzing+Sun+Protection+Water+SPF+30+200ML+ingredients+composition+INCI,,
LBR-05835,Vichy,Neovadiol Gf Crease-Smoothing Densifying Care - Lip And Eye Contours 15ML,https://vichyusa.com,https://duckduckgo.com/?q=Vichy+Neovadiol+Gf+Crease-Smoothing+Densifying+Care+-+Lip+And+Eye+Contours+15ML+ingredients+composition+INCI,,
LBR-05800,Vichy,"Normaderm 3 in 1 Cleanser, Scrub & Mask for Oily/Acne Skin with salicylic  & glycolic acid",https://vichyusa.com,https://duckduckgo.com/?q=Vichy+Normaderm+3+in+1+Cleanser%2C+Scrub+%26+Mask+for+Oily%2FAcne+Skin+with+salicylic++%26+glycolic+acid+ingredients+composition+INCI,,
LBR-05811,Vichy,Normaderm Phytosolution Double Correction Daily Care Moisturiser for Oily & Acne Skin with Salicylic Acid,https://vichyusa.com,https://duckduckgo.com/?q=Vichy+Normaderm+Phytosolution+Double+Correction+Daily+Care+Moisturiser+for+Oily+%26+Acne+Skin+with+Salicylic+Acid+ingredients+composition+INCI,,
LBR-05806,Vichy,Rehydrating Light Spray SPF 50+,https://vichyusa.com,https://duckduckgo.com/?q=Vichy+Rehydrating+Light+Spray+SPF+50%2B+ingredients+composition+INCI,,
LBR-05818,Vichy,Soleil UV Anti Ageing Sunscreen SPF50+,https://vichyusa.com,https://duckduckgo.com/?q=Vichy+Soleil+UV+Anti+Ageing+Sunscreen+SPF50%2B+ingredients+composition+INCI,,
LBR-05841,Vichy,Structure Force 50ml,https://vichyusa.com,https://duckduckgo.com/?q=Vichy+Structure+Force+50ml+ingredients+composition+INCI,,
LBR-05805,Vichy,Vichy Capital Soleil Velvety Sunscreen for Normal to Dry Skin SPF 50+ 50ml,https://vichyusa.com,https://duckduckgo.com/?q=Vichy+Vichy+Capital+Soleil+Velvety+Sunscreen+for+Normal+to+Dry+Skin+SPF+50%2B+50ml+ingredients+composition+INCI,,
LBR-05809,Vichy,Vichy Mineral 89 Regenerating and Repairing Hydrating Serum With Niacinamide 50ml,https://vichyusa.com,https://duckduckgo.com/?q=Vichy+Vichy+Mineral+89+Regenerating+and+Repairing+Hydrating+Serum+With+Niacinamide+50ml+ingredients+composition+INCI,,
LBR-05802,Vichy,Vichy giveway June 2024: DT AMINEXIL MEN 21X6ML MEDICAL SPM CS F UV AG BC SPF5040mL SPECIMEN MINERAL 89 F50ML TST NO EXP DT DENSISOL LOTI F100ML MEDICAL SPM,https://vichyusa.com,https://duckduckgo.com/?q=Vichy+Vichy+giveway+June+2024%3A+DT+AMINEXIL+MEN+21X6ML+MEDICAL+SPM+CS+F+UV+AG+BC+SPF5040mL+SPECIMEN+MINERAL+89+F50ML+TST+NO+EXP+DT+DENSISOL+LOTI+F100ML+MEDICAL+SPM+ingredients+composition+INCI,,
